id,origin_city,destination_city
1000000,塔城地区,石林彝族自治县
1000001,塔城地区,嵩明县
1000002,塔城地区,禄劝彝族苗族自治县
1000003,塔城地区,寻甸回族彝族自治县
1000004,塔城地区,安宁市
1000005,塔城地区,麒麟区
1000006,塔城地区,沾益区
1000007,塔城地区,马龙县
1000008,塔城地区,陆良县
1000009,塔城地区,师宗县
1000010,塔城地区,罗平县
1000011,塔城地区,富源县
1000012,塔城地区,会泽县
1000013,塔城地区,宣威市
1000014,塔城地区,红塔区
1000015,塔城地区,江川区
1000016,塔城地区,澄江县
1000017,塔城地区,通海县
1000018,塔城地区,华宁县
1000019,塔城地区,易门县
1000020,塔城地区,峨山彝族自治县
1000021,塔城地区,新平彝族傣族自治县
1000022,塔城地区,元江哈尼族彝族傣族自治县
1000023,塔城地区,隆阳区
1000024,塔城地区,施甸县
1000025,塔城地区,龙陵县
1000026,塔城地区,昌宁县
1000027,塔城地区,腾冲市
1000028,塔城地区,昭阳区
1000029,塔城地区,鲁甸县
1000030,塔城地区,巧家县
1000031,塔城地区,盐津县
1000032,塔城地区,大关县
1000033,塔城地区,永善县
1000034,塔城地区,绥江县
1000035,塔城地区,镇雄县
1000036,塔城地区,彝良县
1000037,塔城地区,威信县
1000038,塔城地区,水富县
1000039,塔城地区,古城区
1000040,塔城地区,玉龙纳西族自治县
1000041,塔城地区,永胜县
1000042,塔城地区,华坪县
1000043,塔城地区,宁蒗彝族自治县
1000044,塔城地区,思茅区
1000045,塔城地区,宁洱哈尼族彝族自治县
1000046,塔城地区,墨江哈尼族自治县
1000047,塔城地区,景东彝族自治县
1000048,塔城地区,景谷傣族彝族自治县
1000049,塔城地区,镇沅彝族哈尼族拉祜族自治县
1000050,塔城地区,江城哈尼族彝族自治县
1000051,塔城地区,孟连傣族拉祜族佤族自治县
1000052,塔城地区,澜沧拉祜族自治县
1000053,塔城地区,西盟佤族自治县
1000054,塔城地区,临翔区
1000055,塔城地区,凤庆县
1000056,塔城地区,云县
1000057,塔城地区,永德县
1000058,塔城地区,镇康县
1000059,塔城地区,双江拉祜族佤族布朗族傣族自治县
1000060,塔城地区,耿马傣族佤族自治县
1000061,塔城地区,沧源佤族自治县
1000062,塔城地区,楚雄市
1000063,塔城地区,双柏县
1000064,塔城地区,牟定县
1000065,塔城地区,南华县
1000066,塔城地区,姚安县
1000067,塔城地区,大姚县
1000068,塔城地区,永仁县
1000069,塔城地区,元谋县
1000070,塔城地区,武定县
1000071,塔城地区,禄丰县
1000072,塔城地区,个旧市
1000073,塔城地区,开远市
1000074,塔城地区,蒙自市
1000075,塔城地区,弥勒市
1000076,塔城地区,屏边苗族自治县
1000077,塔城地区,建水县
1000078,塔城地区,石屏县
1000079,塔城地区,泸西县
1000080,塔城地区,元阳县
1000081,塔城地区,红河县
1000082,塔城地区,金平苗族瑶族傣族自治县
1000083,塔城地区,绿春县
1000084,塔城地区,河口瑶族自治县
1000085,塔城地区,文山市
1000086,塔城地区,砚山县
1000087,塔城地区,西畴县
1000088,塔城地区,麻栗坡县
1000089,塔城地区,马关县
1000090,塔城地区,丘北县
1000091,塔城地区,广南县
1000092,塔城地区,富宁县
1000093,塔城地区,景洪市
1000094,塔城地区,勐海县
1000095,塔城地区,勐腊县
1000096,塔城地区,大理市
1000097,塔城地区,漾濞彝族自治县
1000098,塔城地区,祥云县
1000099,塔城地区,宾川县
1000100,塔城地区,弥渡县
1000101,塔城地区,南涧彝族自治县
1000102,塔城地区,巍山彝族回族自治县
1000103,塔城地区,永平县
1000104,塔城地区,云龙县
1000105,塔城地区,洱源县
1000106,塔城地区,剑川县
1000107,塔城地区,鹤庆县
1000108,塔城地区,瑞丽市
1000109,塔城地区,芒市
1000110,塔城地区,梁河县
1000111,塔城地区,盈江县
1000112,塔城地区,陇川县
1000113,塔城地区,泸水市
1000114,塔城地区,福贡县
1000115,塔城地区,贡山独龙族怒族自治县
1000116,塔城地区,兰坪白族普米族自治县
1000117,塔城地区,香格里拉市
1000118,塔城地区,德钦县
1000119,塔城地区,维西傈僳族自治县
1000120,塔城地区,城关区
1000121,塔城地区,堆龙德庆区
1000122,塔城地区,林周县
1000123,塔城地区,当雄县
1000124,塔城地区,尼木县
1000125,塔城地区,曲水县
1000126,塔城地区,达孜县
1000127,塔城地区,墨竹工卡县
1000128,塔城地区,桑珠孜区
1000129,塔城地区,南木林县
1000130,塔城地区,江孜县
1000131,塔城地区,定日县
1000132,塔城地区,萨迦县
1000133,塔城地区,拉孜县
1000134,塔城地区,昂仁县
1000135,塔城地区,谢通门县
1000136,塔城地区,白朗县
1000137,塔城地区,仁布县
1000138,塔城地区,康马县
1000139,塔城地区,定结县
1000140,塔城地区,仲巴县
1000141,塔城地区,亚东县
1000142,塔城地区,吉隆县
1000143,塔城地区,聂拉木县
1000144,塔城地区,萨嘎县
1000145,塔城地区,岗巴县
1000146,塔城地区,卡若区
1000147,塔城地区,江达县
1000148,塔城地区,贡觉县
1000149,塔城地区,类乌齐县
1000150,塔城地区,丁青县
1000151,塔城地区,察雅县
1000152,塔城地区,八宿县
1000153,塔城地区,左贡县
1000154,塔城地区,芒康县
1000155,塔城地区,洛隆县
1000156,塔城地区,边坝县
1000157,塔城地区,巴宜区
1000158,塔城地区,工布江达县
1000159,塔城地区,米林县
1000160,塔城地区,墨脱县
1000161,塔城地区,波密县
1000162,塔城地区,察隅县
1000163,塔城地区,朗县
1000164,塔城地区,乃东区
1000165,塔城地区,扎囊县
1000166,塔城地区,贡嘎县
1000167,塔城地区,桑日县
1000168,塔城地区,琼结县
1000169,塔城地区,曲松县
1000170,塔城地区,措美县
1000171,塔城地区,洛扎县
1000172,塔城地区,加查县
1000173,塔城地区,隆子县
1000174,塔城地区,错那县
1000175,塔城地区,浪卡子县
1000176,塔城地区,那曲县
1000177,塔城地区,嘉黎县
1000178,塔城地区,比如县
1000179,塔城地区,聂荣县
1000180,塔城地区,安多县
1000181,塔城地区,申扎县
1000182,塔城地区,索县
1000183,塔城地区,班戈县
1000184,塔城地区,巴青县
1000185,塔城地区,尼玛县
1000186,塔城地区,双湖县
1000187,塔城地区,普兰县
1000188,塔城地区,札达县
1000189,塔城地区,噶尔县
1000190,塔城地区,日土县
1000191,塔城地区,革吉县
1000192,塔城地区,改则县
1000193,塔城地区,措勤县
1000194,塔城地区,新城区
1000195,塔城地区,碑林区
1000196,塔城地区,莲湖区
1000197,塔城地区,灞桥区
1000198,塔城地区,未央区
1000199,塔城地区,雁塔区
1000200,塔城地区,阎良区
1000201,塔城地区,临潼区
1000202,塔城地区,长安区
1000203,塔城地区,高陵区
1000204,塔城地区,蓝田县
1000205,塔城地区,周至县
1000206,塔城地区,户县
1000207,塔城地区,王益区
1000208,塔城地区,印台区
1000209,塔城地区,耀州区
1000210,塔城地区,宜君县
1000211,塔城地区,渭滨区
1000212,塔城地区,金台区
1000213,塔城地区,陈仓区
1000214,塔城地区,凤翔县
1000215,塔城地区,岐山县
1000216,塔城地区,扶风县
1000217,塔城地区,眉县
1000218,塔城地区,陇县
1000219,塔城地区,千阳县
1000220,塔城地区,麟游县
1000221,塔城地区,凤县
1000222,塔城地区,太白县
1000223,塔城地区,秦都区
1000224,塔城地区,杨陵区
1000225,塔城地区,渭城区
1000226,塔城地区,三原县
1000227,塔城地区,泾阳县
1000228,塔城地区,乾县
1000229,塔城地区,礼泉县
1000230,塔城地区,永寿县
1000231,塔城地区,彬县
1000232,塔城地区,长武县
1000233,塔城地区,旬邑县
1000234,塔城地区,淳化县
1000235,塔城地区,武功县
1000236,塔城地区,兴平市
1000237,塔城地区,临渭区
1000238,塔城地区,华州区
1000239,塔城地区,潼关县
1000240,塔城地区,大荔县
1000241,塔城地区,合阳县
1000242,塔城地区,澄城县
1000243,塔城地区,蒲城县
1000244,塔城地区,白水县
1000245,塔城地区,富平县
1000246,塔城地区,韩城市
1000247,塔城地区,华阴市
1000248,塔城地区,宝塔区
1000249,塔城地区,安塞区
1000250,塔城地区,延长县
1000251,塔城地区,延川县
1000252,塔城地区,子长县
1000253,塔城地区,志丹县
1000254,塔城地区,吴起县
1000255,塔城地区,甘泉县
1000256,塔城地区,富县
1000257,塔城地区,洛川县
1000258,塔城地区,宜川县
1000259,塔城地区,黄龙县
1000260,塔城地区,黄陵县
1000261,塔城地区,汉台区
1000262,塔城地区,南郑县
1000263,塔城地区,城固县
1000264,塔城地区,洋县
1000265,塔城地区,西乡县
1000266,塔城地区,勉县
1000267,塔城地区,宁强县
1000268,塔城地区,略阳县
1000269,塔城地区,镇巴县
1000270,塔城地区,留坝县
1000271,塔城地区,佛坪县
1000272,塔城地区,榆阳区
1000273,塔城地区,横山区
1000274,塔城地区,神木县
1000275,塔城地区,府谷县
1000276,塔城地区,靖边县
1000277,塔城地区,定边县
1000278,塔城地区,绥德县
1000279,塔城地区,米脂县
1000280,塔城地区,佳县
1000281,塔城地区,吴堡县
1000282,塔城地区,清涧县
1000283,塔城地区,子洲县
1000284,塔城地区,汉滨区
1000285,塔城地区,汉阴县
1000286,塔城地区,石泉县
1000287,塔城地区,宁陕县
1000288,塔城地区,紫阳县
1000289,塔城地区,岚皋县
1000290,塔城地区,平利县
1000291,塔城地区,镇坪县
1000292,塔城地区,旬阳县
1000293,塔城地区,白河县
1000294,塔城地区,商州区
1000295,塔城地区,洛南县
1000296,塔城地区,丹凤县
1000297,塔城地区,商南县
1000298,塔城地区,山阳县
1000299,塔城地区,镇安县
1000300,塔城地区,柞水县
1000301,塔城地区,城关区
1000302,塔城地区,七里河区
1000303,塔城地区,西固区
1000304,塔城地区,安宁区
1000305,塔城地区,红古区
1000306,塔城地区,永登县
1000307,塔城地区,皋兰县
1000308,塔城地区,榆中县
1000309,塔城地区,金川区
1000310,塔城地区,永昌县
1000311,塔城地区,白银区
1000312,塔城地区,平川区
1000313,塔城地区,靖远县
1000314,塔城地区,会宁县
1000315,塔城地区,景泰县
1000316,塔城地区,秦州区
1000317,塔城地区,麦积区
1000318,塔城地区,清水县
1000319,塔城地区,秦安县
1000320,塔城地区,甘谷县
1000321,塔城地区,武山县
1000322,塔城地区,张家川回族自治县
1000323,塔城地区,凉州区
1000324,塔城地区,民勤县
1000325,塔城地区,古浪县
1000326,塔城地区,天祝藏族自治县
1000327,塔城地区,甘州区
1000328,塔城地区,肃南裕固族自治县
1000329,塔城地区,民乐县
1000330,塔城地区,临泽县
1000331,塔城地区,高台县
1000332,塔城地区,山丹县
1000333,塔城地区,崆峒区
1000334,塔城地区,泾川县
1000335,塔城地区,灵台县
1000336,塔城地区,崇信县
1000337,塔城地区,华亭县
1000338,塔城地区,庄浪县
1000339,塔城地区,静宁县
1000340,塔城地区,肃州区
1000341,塔城地区,金塔县
1000342,塔城地区,瓜州县
1000343,塔城地区,肃北蒙古族自治县
1000344,塔城地区,阿克塞哈萨克族自治县
1000345,塔城地区,玉门市
1000346,塔城地区,敦煌市
1000347,塔城地区,西峰区
1000348,塔城地区,庆城县
1000349,塔城地区,环县
1000350,塔城地区,华池县
1000351,塔城地区,合水县
1000352,塔城地区,正宁县
1000353,塔城地区,宁县
1000354,塔城地区,镇原县
1000355,塔城地区,安定区
1000356,塔城地区,通渭县
1000357,塔城地区,陇西县
1000358,塔城地区,渭源县
1000359,塔城地区,临洮县
1000360,塔城地区,漳县
1000361,塔城地区,岷县
1000362,塔城地区,武都区
1000363,塔城地区,成县
1000364,塔城地区,文县
1000365,塔城地区,宕昌县
1000366,塔城地区,康县
1000367,塔城地区,西和县
1000368,塔城地区,礼县
1000369,塔城地区,徽县
1000370,塔城地区,两当县
1000371,塔城地区,临夏市
1000372,塔城地区,临夏县
1000373,塔城地区,康乐县
1000374,塔城地区,永靖县
1000375,塔城地区,广河县
1000376,塔城地区,和政县
1000377,塔城地区,东乡族自治县
1000378,塔城地区,积石山保安族东乡族撒拉族自治县
1000379,塔城地区,合作市
1000380,塔城地区,临潭县
1000381,塔城地区,卓尼县
1000382,塔城地区,舟曲县
1000383,塔城地区,迭部县
1000384,塔城地区,玛曲县
1000385,塔城地区,碌曲县
1000386,塔城地区,夏河县
1000387,塔城地区,城东区
1000388,塔城地区,城中区
1000389,塔城地区,城西区
1000390,塔城地区,城北区
1000391,塔城地区,大通回族土族自治县
1000392,塔城地区,湟中县
1000393,塔城地区,湟源县
1000394,塔城地区,乐都区
1000395,塔城地区,平安区
1000396,塔城地区,民和回族土族自治县
1000397,塔城地区,互助土族自治县
1000398,塔城地区,化隆回族自治县
1000399,塔城地区,循化撒拉族自治县
1000400,塔城地区,门源回族自治县
1000401,塔城地区,祁连县
1000402,塔城地区,海晏县
1000403,塔城地区,刚察县
1000404,塔城地区,同仁县
1000405,塔城地区,尖扎县
1000406,塔城地区,泽库县
1000407,塔城地区,河南蒙古族自治县
1000408,塔城地区,共和县
1000409,塔城地区,同德县
1000410,塔城地区,贵德县
1000411,塔城地区,兴海县
1000412,塔城地区,贵南县
1000413,塔城地区,玛沁县
1000414,塔城地区,班玛县
1000415,塔城地区,甘德县
1000416,塔城地区,达日县
1000417,塔城地区,久治县
1000418,塔城地区,玛多县
1000419,塔城地区,玉树市
1000420,塔城地区,杂多县
1000421,塔城地区,称多县
1000422,塔城地区,治多县
1000423,塔城地区,囊谦县
1000424,塔城地区,曲麻莱县
1000425,塔城地区,格尔木市
1000426,塔城地区,德令哈市
1000427,塔城地区,乌兰县
1000428,塔城地区,都兰县
1000429,塔城地区,天峻县
1000430,塔城地区,兴庆区
1000431,塔城地区,西夏区
1000432,塔城地区,金凤区
1000433,塔城地区,永宁县
1000434,塔城地区,贺兰县
1000435,塔城地区,灵武市
1000436,塔城地区,大武口区
1000437,塔城地区,惠农区
1000438,塔城地区,平罗县
1000439,塔城地区,利通区
1000440,塔城地区,红寺堡区
1000441,塔城地区,盐池县
1000442,塔城地区,同心县
1000443,塔城地区,青铜峡市
1000444,塔城地区,原州区
1000445,塔城地区,西吉县
1000446,塔城地区,隆德县
1000447,塔城地区,泾源县
1000448,塔城地区,彭阳县
1000449,塔城地区,沙坡头区
1000450,塔城地区,中宁县
1000451,塔城地区,海原县
1000452,塔城地区,天山区
1000453,塔城地区,沙依巴克区
1000454,塔城地区,新市区
1000455,塔城地区,水磨沟区
1000456,塔城地区,头屯河区
1000457,塔城地区,达坂城区
1000458,塔城地区,米东区
1000459,塔城地区,乌鲁木齐县
1000460,塔城地区,独山子区
1000461,塔城地区,克拉玛依区
1000462,塔城地区,白碱滩区
1000463,塔城地区,乌尔禾区
1000464,塔城地区,高昌区
1000465,塔城地区,鄯善县
1000466,塔城地区,托克逊县
1000467,塔城地区,伊州区
1000468,塔城地区,巴里坤哈萨克自治县
1000469,塔城地区,伊吾县
1000470,塔城地区,昌吉市
1000471,塔城地区,阜康市
1000472,塔城地区,呼图壁县
1000473,塔城地区,玛纳斯县
1000474,塔城地区,奇台县
1000475,塔城地区,吉木萨尔县
1000476,塔城地区,木垒哈萨克自治县
1000477,塔城地区,博乐市
1000478,塔城地区,阿拉山口市
1000479,塔城地区,精河县
1000480,塔城地区,温泉县
1000481,塔城地区,库尔勒市
1000482,塔城地区,轮台县
1000483,塔城地区,尉犁县
1000484,塔城地区,若羌县
1000485,塔城地区,且末县
1000486,塔城地区,焉耆回族自治县
1000487,塔城地区,和静县
1000488,塔城地区,和硕县
1000489,塔城地区,博湖县
1000490,塔城地区,阿克苏市
1000491,塔城地区,温宿县
1000492,塔城地区,库车县
1000493,塔城地区,沙雅县
1000494,塔城地区,新和县
1000495,塔城地区,拜城县
1000496,塔城地区,乌什县
1000497,塔城地区,阿瓦提县
1000498,塔城地区,柯坪县
1000499,塔城地区,阿图什市
1000500,塔城地区,阿克陶县
1000501,塔城地区,阿合奇县
1000502,塔城地区,乌恰县
1000503,塔城地区,喀什市
1000504,塔城地区,疏附县
1000505,塔城地区,疏勒县
1000506,塔城地区,英吉沙县
1000507,塔城地区,泽普县
1000508,塔城地区,莎车县
1000509,塔城地区,叶城县
1000510,塔城地区,麦盖提县
1000511,塔城地区,岳普湖县
1000512,塔城地区,伽师县
1000513,塔城地区,巴楚县
1000514,塔城地区,塔什库尔干塔吉克自治县
1000515,塔城地区,和田市
1000516,塔城地区,和田县
1000517,塔城地区,墨玉县
1000518,塔城地区,皮山县
1000519,塔城地区,洛浦县
1000520,塔城地区,策勒县
1000521,塔城地区,于田县
1000522,塔城地区,民丰县
1000523,塔城地区,伊宁市
1000524,塔城地区,奎屯市
1000525,塔城地区,霍尔果斯市
1000526,塔城地区,伊宁县
1000527,塔城地区,察布查尔锡伯自治县
1000528,塔城地区,霍城县
1000529,塔城地区,巩留县
1000530,塔城地区,新源县
1000531,塔城地区,昭苏县
1000532,塔城地区,特克斯县
1000533,塔城地区,尼勒克县
1000534,塔城地区,塔城市
1000535,塔城地区,乌苏市
1000536,塔城地区,额敏县
1000537,塔城地区,沙湾县
1000538,塔城地区,托里县
1000539,塔城地区,裕民县
1000540,塔城地区,和布克赛尔蒙古自治县
1000541,塔城地区,阿勒泰市
1000542,塔城地区,布尔津县
1000543,塔城地区,富蕴县
1000544,塔城地区,福海县
1000545,塔城地区,哈巴河县
1000546,塔城地区,青河县
1000547,塔城地区,吉木乃县
1000548,塔城地区,石河子市
1000549,塔城地区,阿拉尔市
1000550,塔城地区,图木舒克市
1000551,塔城地区,五家渠市
1000552,塔城地区,铁门关市
1000553,阿勒泰地区,长安区
1000554,阿勒泰地区,桥西区
1000555,阿勒泰地区,新华区
1000556,阿勒泰地区,井陉矿区
1000557,阿勒泰地区,裕华区
1000558,阿勒泰地区,藁城区
1000559,阿勒泰地区,鹿泉区
1000560,阿勒泰地区,栾城区
1000561,阿勒泰地区,井陉县
1000562,阿勒泰地区,正定县
1000563,阿勒泰地区,行唐县
1000564,阿勒泰地区,灵寿县
1000565,阿勒泰地区,高邑县
1000566,阿勒泰地区,深泽县
1000567,阿勒泰地区,赞皇县
1000568,阿勒泰地区,无极县
1000569,阿勒泰地区,平山县
1000570,阿勒泰地区,元氏县
1000571,阿勒泰地区,赵县
1000572,阿勒泰地区,晋州市
1000573,阿勒泰地区,新乐市
1000574,阿勒泰地区,路南区
1000575,阿勒泰地区,路北区
1000576,阿勒泰地区,古冶区
1000577,阿勒泰地区,开平区
1000578,阿勒泰地区,丰南区
1000579,阿勒泰地区,丰润区
1000580,阿勒泰地区,曹妃甸区
1000581,阿勒泰地区,滦县
1000582,阿勒泰地区,滦南县
1000583,阿勒泰地区,乐亭县
1000584,阿勒泰地区,迁西县
1000585,阿勒泰地区,玉田县
1000586,阿勒泰地区,遵化市
1000587,阿勒泰地区,迁安市
1000588,阿勒泰地区,海港区
1000589,阿勒泰地区,山海关区
1000590,阿勒泰地区,北戴河区
1000591,阿勒泰地区,抚宁区
1000592,阿勒泰地区,青龙满族自治县
1000593,阿勒泰地区,昌黎县
1000594,阿勒泰地区,卢龙县
1000595,阿勒泰地区,邯山区
1000596,阿勒泰地区,丛台区
1000597,阿勒泰地区,复兴区
1000598,阿勒泰地区,峰峰矿区
1000599,阿勒泰地区,邯郸县
1000600,阿勒泰地区,临漳县
1000601,阿勒泰地区,成安县
1000602,阿勒泰地区,大名县
1000603,阿勒泰地区,涉县
1000604,阿勒泰地区,磁县
1000605,阿勒泰地区,肥乡县
1000606,阿勒泰地区,永年县
1000607,阿勒泰地区,邱县
1000608,阿勒泰地区,鸡泽县
1000609,阿勒泰地区,广平县
1000610,阿勒泰地区,馆陶县
1000611,阿勒泰地区,魏县
1000612,阿勒泰地区,曲周县
1000613,阿勒泰地区,武安市
1000614,阿勒泰地区,桥东区
1000615,阿勒泰地区,桥西区
1000616,阿勒泰地区,邢台县
1000617,阿勒泰地区,临城县
1000618,阿勒泰地区,内丘县
1000619,阿勒泰地区,柏乡县
1000620,阿勒泰地区,隆尧县
1000621,阿勒泰地区,任县
1000622,阿勒泰地区,南和县
1000623,阿勒泰地区,宁晋县
1000624,阿勒泰地区,巨鹿县
1000625,阿勒泰地区,新河县
1000626,阿勒泰地区,广宗县
1000627,阿勒泰地区,平乡县
1000628,阿勒泰地区,威县
1000629,阿勒泰地区,清河县
1000630,阿勒泰地区,临西县
1000631,阿勒泰地区,南宫市
1000632,阿勒泰地区,沙河市
1000633,阿勒泰地区,竞秀区
1000634,阿勒泰地区,莲池区
1000635,阿勒泰地区,满城区
1000636,阿勒泰地区,清苑区
1000637,阿勒泰地区,徐水区
1000638,阿勒泰地区,涞水县
1000639,阿勒泰地区,阜平县
1000640,阿勒泰地区,定兴县
1000641,阿勒泰地区,唐县
1000642,阿勒泰地区,高阳县
1000643,阿勒泰地区,容城县
1000644,阿勒泰地区,涞源县
1000645,阿勒泰地区,望都县
1000646,阿勒泰地区,安新县
1000647,阿勒泰地区,易县
1000648,阿勒泰地区,曲阳县
1000649,阿勒泰地区,蠡县
1000650,阿勒泰地区,顺平县
1000651,阿勒泰地区,博野县
1000652,阿勒泰地区,雄县
1000653,阿勒泰地区,涿州市
1000654,阿勒泰地区,安国市
1000655,阿勒泰地区,高碑店市
1000656,阿勒泰地区,桥东区
1000657,阿勒泰地区,桥西区
1000658,阿勒泰地区,宣化区
1000659,阿勒泰地区,下花园区
1000660,阿勒泰地区,万全区
1000661,阿勒泰地区,崇礼区
1000662,阿勒泰地区,张北县
1000663,阿勒泰地区,康保县
1000664,阿勒泰地区,沽源县
1000665,阿勒泰地区,尚义县
1000666,阿勒泰地区,蔚县
1000667,阿勒泰地区,阳原县
1000668,阿勒泰地区,怀安县
1000669,阿勒泰地区,怀来县
1000670,阿勒泰地区,涿鹿县
1000671,阿勒泰地区,赤城县
1000672,阿勒泰地区,双桥区
1000673,阿勒泰地区,双滦区
1000674,阿勒泰地区,鹰手营子矿区
1000675,阿勒泰地区,承德县
1000676,阿勒泰地区,兴隆县
1000677,阿勒泰地区,平泉县
1000678,阿勒泰地区,滦平县
1000679,阿勒泰地区,隆化县
1000680,阿勒泰地区,丰宁满族自治县
1000681,阿勒泰地区,宽城满族自治县
1000682,阿勒泰地区,围场满族蒙古族自治县
1000683,阿勒泰地区,新华区
1000684,阿勒泰地区,运河区
1000685,阿勒泰地区,沧县
1000686,阿勒泰地区,青县
1000687,阿勒泰地区,东光县
1000688,阿勒泰地区,海兴县
1000689,阿勒泰地区,盐山县
1000690,阿勒泰地区,肃宁县
1000691,阿勒泰地区,南皮县
1000692,阿勒泰地区,吴桥县
1000693,阿勒泰地区,献县
1000694,阿勒泰地区,孟村回族自治县
1000695,阿勒泰地区,泊头市
1000696,阿勒泰地区,任丘市
1000697,阿勒泰地区,黄骅市
1000698,阿勒泰地区,河间市
1000699,阿勒泰地区,安次区
1000700,阿勒泰地区,广阳区
1000701,阿勒泰地区,固安县
1000702,阿勒泰地区,永清县
1000703,阿勒泰地区,香河县
1000704,阿勒泰地区,大城县
1000705,阿勒泰地区,文安县
1000706,阿勒泰地区,大厂回族自治县
1000707,阿勒泰地区,霸州市
1000708,阿勒泰地区,三河市
1000709,阿勒泰地区,桃城区
1000710,阿勒泰地区,冀州区
1000711,阿勒泰地区,枣强县
1000712,阿勒泰地区,武邑县
1000713,阿勒泰地区,武强县
1000714,阿勒泰地区,饶阳县
1000715,阿勒泰地区,安平县
1000716,阿勒泰地区,故城县
1000717,阿勒泰地区,景县
1000718,阿勒泰地区,阜城县
1000719,阿勒泰地区,深州市
1000720,阿勒泰地区,定州市
1000721,阿勒泰地区,辛集市
1000722,阿勒泰地区,小店区
1000723,阿勒泰地区,迎泽区
1000724,阿勒泰地区,杏花岭区
1000725,阿勒泰地区,尖草坪区
1000726,阿勒泰地区,万柏林区
1000727,阿勒泰地区,晋源区
1000728,阿勒泰地区,清徐县
1000729,阿勒泰地区,阳曲县
1000730,阿勒泰地区,娄烦县
1000731,阿勒泰地区,古交市
1000732,阿勒泰地区,城区
1000733,阿勒泰地区,矿区
1000734,阿勒泰地区,南郊区
1000735,阿勒泰地区,新荣区
1000736,阿勒泰地区,阳高县
1000737,阿勒泰地区,天镇县
1000738,阿勒泰地区,广灵县
1000739,阿勒泰地区,灵丘县
1000740,阿勒泰地区,浑源县
1000741,阿勒泰地区,左云县
1000742,阿勒泰地区,大同县
1000743,阿勒泰地区,城区
1000744,阿勒泰地区,矿区
1000745,阿勒泰地区,郊区
1000746,阿勒泰地区,平定县
1000747,阿勒泰地区,盂县
1000748,阿勒泰地区,城区
1000749,阿勒泰地区,郊区
1000750,阿勒泰地区,长治县
1000751,阿勒泰地区,襄垣县
1000752,阿勒泰地区,屯留县
1000753,阿勒泰地区,平顺县
1000754,阿勒泰地区,黎城县
1000755,阿勒泰地区,壶关县
1000756,阿勒泰地区,长子县
1000757,阿勒泰地区,武乡县
1000758,阿勒泰地区,沁县
1000759,阿勒泰地区,沁源县
1000760,阿勒泰地区,潞城市
1000761,阿勒泰地区,城区
1000762,阿勒泰地区,沁水县
1000763,阿勒泰地区,阳城县
1000764,阿勒泰地区,陵川县
1000765,阿勒泰地区,泽州县
1000766,阿勒泰地区,高平市
1000767,阿勒泰地区,朔城区
1000768,阿勒泰地区,平鲁区
1000769,阿勒泰地区,山阴县
1000770,阿勒泰地区,应县
1000771,阿勒泰地区,右玉县
1000772,阿勒泰地区,怀仁县
1000773,阿勒泰地区,榆次区
1000774,阿勒泰地区,榆社县
1000775,阿勒泰地区,左权县
1000776,阿勒泰地区,和顺县
1000777,阿勒泰地区,昔阳县
1000778,阿勒泰地区,寿阳县
1000779,阿勒泰地区,太谷县
1000780,阿勒泰地区,祁县
1000781,阿勒泰地区,平遥县
1000782,阿勒泰地区,灵石县
1000783,阿勒泰地区,介休市
1000784,阿勒泰地区,盐湖区
1000785,阿勒泰地区,临猗县
1000786,阿勒泰地区,万荣县
1000787,阿勒泰地区,闻喜县
1000788,阿勒泰地区,稷山县
1000789,阿勒泰地区,新绛县
1000790,阿勒泰地区,绛县
1000791,阿勒泰地区,垣曲县
1000792,阿勒泰地区,夏县
1000793,阿勒泰地区,平陆县
1000794,阿勒泰地区,芮城县
1000795,阿勒泰地区,永济市
1000796,阿勒泰地区,河津市
1000797,阿勒泰地区,忻府区
1000798,阿勒泰地区,定襄县
1000799,阿勒泰地区,五台县
1000800,阿勒泰地区,代县
1000801,阿勒泰地区,繁峙县
1000802,阿勒泰地区,宁武县
1000803,阿勒泰地区,静乐县
1000804,阿勒泰地区,神池县
1000805,阿勒泰地区,五寨县
1000806,阿勒泰地区,岢岚县
1000807,阿勒泰地区,河曲县
1000808,阿勒泰地区,保德县
1000809,阿勒泰地区,偏关县
1000810,阿勒泰地区,原平市
1000811,阿勒泰地区,尧都区
1000812,阿勒泰地区,曲沃县
1000813,阿勒泰地区,翼城县
1000814,阿勒泰地区,襄汾县
1000815,阿勒泰地区,洪洞县
1000816,阿勒泰地区,古县
1000817,阿勒泰地区,安泽县
1000818,阿勒泰地区,浮山县
1000819,阿勒泰地区,吉县
1000820,阿勒泰地区,乡宁县
1000821,阿勒泰地区,大宁县
1000822,阿勒泰地区,隰县
1000823,阿勒泰地区,永和县
1000824,阿勒泰地区,蒲县
1000825,阿勒泰地区,汾西县
1000826,阿勒泰地区,侯马市
1000827,阿勒泰地区,霍州市
1000828,阿勒泰地区,离石区
1000829,阿勒泰地区,文水县
1000830,阿勒泰地区,交城县
1000831,阿勒泰地区,兴县
1000832,阿勒泰地区,临县
1000833,阿勒泰地区,柳林县
1000834,阿勒泰地区,石楼县
1000835,阿勒泰地区,岚县
1000836,阿勒泰地区,方山县
1000837,阿勒泰地区,中阳县
1000838,阿勒泰地区,交口县
1000839,阿勒泰地区,孝义市
1000840,阿勒泰地区,汾阳市
1000841,阿勒泰地区,新城区
1000842,阿勒泰地区,回民区
1000843,阿勒泰地区,玉泉区
1000844,阿勒泰地区,赛罕区
1000845,阿勒泰地区,土默特左旗
1000846,阿勒泰地区,托克托县
1000847,阿勒泰地区,和林格尔县
1000848,阿勒泰地区,清水河县
1000849,阿勒泰地区,武川县
1000850,阿勒泰地区,东河区
1000851,阿勒泰地区,昆都仑区
1000852,阿勒泰地区,青山区
1000853,阿勒泰地区,石拐区
1000854,阿勒泰地区,白云鄂博矿区
1000855,阿勒泰地区,九原区
1000856,阿勒泰地区,土默特右旗
1000857,阿勒泰地区,固阳县
1000858,阿勒泰地区,达尔罕茂明安联合旗
1000859,阿勒泰地区,海勃湾区
1000860,阿勒泰地区,海南区
1000861,阿勒泰地区,乌达区
1000862,阿勒泰地区,红山区
1000863,阿勒泰地区,元宝山区
1000864,阿勒泰地区,松山区
1000865,阿勒泰地区,阿鲁科尔沁旗
1000866,阿勒泰地区,巴林左旗
1000867,阿勒泰地区,巴林右旗
1000868,阿勒泰地区,林西县
1000869,阿勒泰地区,克什克腾旗
1000870,阿勒泰地区,翁牛特旗
1000871,阿勒泰地区,喀喇沁旗
1000872,阿勒泰地区,宁城县
1000873,阿勒泰地区,敖汉旗
1000874,阿勒泰地区,科尔沁区
1000875,阿勒泰地区,科尔沁左翼中旗
1000876,阿勒泰地区,科尔沁左翼后旗
1000877,阿勒泰地区,开鲁县
1000878,阿勒泰地区,库伦旗
1000879,阿勒泰地区,奈曼旗
1000880,阿勒泰地区,扎鲁特旗
1000881,阿勒泰地区,霍林郭勒市
1000882,阿勒泰地区,东胜区
1000883,阿勒泰地区,康巴什区
1000884,阿勒泰地区,达拉特旗
1000885,阿勒泰地区,准格尔旗
1000886,阿勒泰地区,鄂托克前旗
1000887,阿勒泰地区,鄂托克旗
1000888,阿勒泰地区,杭锦旗
1000889,阿勒泰地区,乌审旗
1000890,阿勒泰地区,伊金霍洛旗
1000891,阿勒泰地区,海拉尔区
1000892,阿勒泰地区,扎赉诺尔区
1000893,阿勒泰地区,阿荣旗
1000894,阿勒泰地区,莫力达瓦达斡尔族自治旗
1000895,阿勒泰地区,鄂伦春自治旗
1000896,阿勒泰地区,鄂温克族自治旗
1000897,阿勒泰地区,陈巴尔虎旗
1000898,阿勒泰地区,新巴尔虎左旗
1000899,阿勒泰地区,新巴尔虎右旗
1000900,阿勒泰地区,满洲里市
1000901,阿勒泰地区,牙克石市
1000902,阿勒泰地区,扎兰屯市
1000903,阿勒泰地区,额尔古纳市
1000904,阿勒泰地区,根河市
1000905,阿勒泰地区,临河区
1000906,阿勒泰地区,五原县
1000907,阿勒泰地区,磴口县
1000908,阿勒泰地区,乌拉特前旗
1000909,阿勒泰地区,乌拉特中旗
1000910,阿勒泰地区,乌拉特后旗
1000911,阿勒泰地区,杭锦后旗
1000912,阿勒泰地区,集宁区
1000913,阿勒泰地区,卓资县
1000914,阿勒泰地区,化德县
1000915,阿勒泰地区,商都县
1000916,阿勒泰地区,兴和县
1000917,阿勒泰地区,凉城县
1000918,阿勒泰地区,察哈尔右翼前旗
1000919,阿勒泰地区,察哈尔右翼中旗
1000920,阿勒泰地区,察哈尔右翼后旗
1000921,阿勒泰地区,四子王旗
1000922,阿勒泰地区,丰镇市
1000923,阿勒泰地区,乌兰浩特市
1000924,阿勒泰地区,阿尔山市
1000925,阿勒泰地区,科尔沁右翼前旗
1000926,阿勒泰地区,科尔沁右翼中旗
1000927,阿勒泰地区,扎赉特旗
1000928,阿勒泰地区,突泉县
1000929,阿勒泰地区,二连浩特市
1000930,阿勒泰地区,锡林浩特市
1000931,阿勒泰地区,阿巴嘎旗
1000932,阿勒泰地区,苏尼特左旗
1000933,阿勒泰地区,苏尼特右旗
1000934,阿勒泰地区,东乌珠穆沁旗
1000935,阿勒泰地区,西乌珠穆沁旗
1000936,阿勒泰地区,太仆寺旗
1000937,阿勒泰地区,镶黄旗
1000938,阿勒泰地区,正镶白旗
1000939,阿勒泰地区,正蓝旗
1000940,阿勒泰地区,多伦县
1000941,阿勒泰地区,阿拉善左旗
1000942,阿勒泰地区,阿拉善右旗
1000943,阿勒泰地区,额济纳旗
1000944,阿勒泰地区,和平区
1000945,阿勒泰地区,沈河区
1000946,阿勒泰地区,大东区
1000947,阿勒泰地区,皇姑区
1000948,阿勒泰地区,铁西区
1000949,阿勒泰地区,苏家屯区
1000950,阿勒泰地区,浑南区
1000951,阿勒泰地区,沈北新区
1000952,阿勒泰地区,于洪区
1000953,阿勒泰地区,辽中区
1000954,阿勒泰地区,康平县
1000955,阿勒泰地区,法库县
1000956,阿勒泰地区,新民市
1000957,阿勒泰地区,中山区
1000958,阿勒泰地区,西岗区
1000959,阿勒泰地区,沙河口区
1000960,阿勒泰地区,甘井子区
1000961,阿勒泰地区,旅顺口区
1000962,阿勒泰地区,金州区
1000963,阿勒泰地区,普兰店区
1000964,阿勒泰地区,长海县
1000965,阿勒泰地区,瓦房店市
1000966,阿勒泰地区,庄河市
1000967,阿勒泰地区,铁东区
1000968,阿勒泰地区,铁西区
1000969,阿勒泰地区,立山区
1000970,阿勒泰地区,千山区
1000971,阿勒泰地区,台安县
1000972,阿勒泰地区,岫岩满族自治县
1000973,阿勒泰地区,海城市
1000974,阿勒泰地区,新抚区
1000975,阿勒泰地区,东洲区
1000976,阿勒泰地区,望花区
1000977,阿勒泰地区,顺城区
1000978,阿勒泰地区,抚顺县
1000979,阿勒泰地区,新宾满族自治县
1000980,阿勒泰地区,清原满族自治县
1000981,阿勒泰地区,平山区
1000982,阿勒泰地区,溪湖区
1000983,阿勒泰地区,明山区
1000984,阿勒泰地区,南芬区
1000985,阿勒泰地区,本溪满族自治县
1000986,阿勒泰地区,桓仁满族自治县
1000987,阿勒泰地区,元宝区
1000988,阿勒泰地区,振兴区
1000989,阿勒泰地区,振安区
1000990,阿勒泰地区,宽甸满族自治县
1000991,阿勒泰地区,东港市
1000992,阿勒泰地区,凤城市
1000993,阿勒泰地区,古塔区
1000994,阿勒泰地区,凌河区
1000995,阿勒泰地区,太和区
1000996,阿勒泰地区,黑山县
1000997,阿勒泰地区,义县
1000998,阿勒泰地区,凌海市
1000999,阿勒泰地区,北镇市
1001000,阿勒泰地区,站前区
1001001,阿勒泰地区,西市区
1001002,阿勒泰地区,鲅鱼圈区
1001003,阿勒泰地区,老边区
1001004,阿勒泰地区,盖州市
1001005,阿勒泰地区,大石桥市
1001006,阿勒泰地区,海州区
1001007,阿勒泰地区,新邱区
1001008,阿勒泰地区,太平区
1001009,阿勒泰地区,清河门区
1001010,阿勒泰地区,细河区
1001011,阿勒泰地区,阜新蒙古族自治县
1001012,阿勒泰地区,彰武县
1001013,阿勒泰地区,白塔区
1001014,阿勒泰地区,文圣区
1001015,阿勒泰地区,宏伟区
1001016,阿勒泰地区,弓长岭区
1001017,阿勒泰地区,太子河区
1001018,阿勒泰地区,辽阳县
1001019,阿勒泰地区,灯塔市
1001020,阿勒泰地区,双台子区
1001021,阿勒泰地区,兴隆台区
1001022,阿勒泰地区,大洼区
1001023,阿勒泰地区,盘山县
1001024,阿勒泰地区,银州区
1001025,阿勒泰地区,清河区
1001026,阿勒泰地区,铁岭县
1001027,阿勒泰地区,西丰县
1001028,阿勒泰地区,昌图县
1001029,阿勒泰地区,调兵山市
1001030,阿勒泰地区,开原市
1001031,阿勒泰地区,双塔区
1001032,阿勒泰地区,龙城区
1001033,阿勒泰地区,朝阳县
1001034,阿勒泰地区,建平县
1001035,阿勒泰地区,喀喇沁左翼蒙古族自治县
1001036,阿勒泰地区,北票市
1001037,阿勒泰地区,凌源市
1001038,阿勒泰地区,连山区
1001039,阿勒泰地区,龙港区
1001040,阿勒泰地区,南票区
1001041,阿勒泰地区,绥中县
1001042,阿勒泰地区,建昌县
1001043,阿勒泰地区,兴城市
1001044,阿勒泰地区,南关区
1001045,阿勒泰地区,宽城区
1001046,阿勒泰地区,朝阳区
1001047,阿勒泰地区,二道区
1001048,阿勒泰地区,绿园区
1001049,阿勒泰地区,双阳区
1001050,阿勒泰地区,九台区
1001051,阿勒泰地区,农安县
1001052,阿勒泰地区,榆树市
1001053,阿勒泰地区,德惠市
1001054,阿勒泰地区,昌邑区
1001055,阿勒泰地区,龙潭区
1001056,阿勒泰地区,船营区
1001057,阿勒泰地区,丰满区
1001058,阿勒泰地区,永吉县
1001059,阿勒泰地区,蛟河市
1001060,阿勒泰地区,桦甸市
1001061,阿勒泰地区,舒兰市
1001062,阿勒泰地区,磐石市
1001063,阿勒泰地区,铁西区
1001064,阿勒泰地区,铁东区
1001065,阿勒泰地区,梨树县
1001066,阿勒泰地区,伊通满族自治县
1001067,阿勒泰地区,公主岭市
1001068,阿勒泰地区,双辽市
1001069,阿勒泰地区,龙山区
1001070,阿勒泰地区,西安区
1001071,阿勒泰地区,东丰县
1001072,阿勒泰地区,东辽县
1001073,阿勒泰地区,东昌区
1001074,阿勒泰地区,二道江区
1001075,阿勒泰地区,通化县
1001076,阿勒泰地区,辉南县
1001077,阿勒泰地区,柳河县
1001078,阿勒泰地区,梅河口市
1001079,阿勒泰地区,集安市
1001080,阿勒泰地区,浑江区
1001081,阿勒泰地区,江源区
1001082,阿勒泰地区,抚松县
1001083,阿勒泰地区,靖宇县
1001084,阿勒泰地区,长白朝鲜族自治县
1001085,阿勒泰地区,临江市
1001086,阿勒泰地区,宁江区
1001087,阿勒泰地区,前郭尔罗斯蒙古族自治县
1001088,阿勒泰地区,长岭县
1001089,阿勒泰地区,乾安县
1001090,阿勒泰地区,扶余市
1001091,阿勒泰地区,洮北区
1001092,阿勒泰地区,镇赉县
1001093,阿勒泰地区,通榆县
1001094,阿勒泰地区,洮南市
1001095,阿勒泰地区,大安市
1001096,阿勒泰地区,延吉市
1001097,阿勒泰地区,图们市
1001098,阿勒泰地区,敦化市
1001099,阿勒泰地区,珲春市
1001100,阿勒泰地区,龙井市
1001101,阿勒泰地区,和龙市
1001102,阿勒泰地区,汪清县
1001103,阿勒泰地区,安图县
1001104,阿勒泰地区,道里区
1001105,阿勒泰地区,南岗区
1001106,阿勒泰地区,道外区
1001107,阿勒泰地区,平房区
1001108,阿勒泰地区,松北区
1001109,阿勒泰地区,香坊区
1001110,阿勒泰地区,呼兰区
1001111,阿勒泰地区,阿城区
1001112,阿勒泰地区,双城区
1001113,阿勒泰地区,依兰县
1001114,阿勒泰地区,方正县
1001115,阿勒泰地区,宾县
1001116,阿勒泰地区,巴彦县
1001117,阿勒泰地区,木兰县
1001118,阿勒泰地区,通河县
1001119,阿勒泰地区,延寿县
1001120,阿勒泰地区,尚志市
1001121,阿勒泰地区,五常市
1001122,阿勒泰地区,龙沙区
1001123,阿勒泰地区,建华区
1001124,阿勒泰地区,铁锋区
1001125,阿勒泰地区,昂昂溪区
1001126,阿勒泰地区,富拉尔基区
1001127,阿勒泰地区,碾子山区
1001128,阿勒泰地区,梅里斯达斡尔族区
1001129,阿勒泰地区,龙江县
1001130,阿勒泰地区,依安县
1001131,阿勒泰地区,泰来县
1001132,阿勒泰地区,甘南县
1001133,阿勒泰地区,富裕县
1001134,阿勒泰地区,克山县
1001135,阿勒泰地区,克东县
1001136,阿勒泰地区,拜泉县
1001137,阿勒泰地区,讷河市
1001138,阿勒泰地区,鸡冠区
1001139,阿勒泰地区,恒山区
1001140,阿勒泰地区,滴道区
1001141,阿勒泰地区,梨树区
1001142,阿勒泰地区,城子河区
1001143,阿勒泰地区,麻山区
1001144,阿勒泰地区,鸡东县
1001145,阿勒泰地区,虎林市
1001146,阿勒泰地区,密山市
1001147,阿勒泰地区,向阳区
1001148,阿勒泰地区,工农区
1001149,阿勒泰地区,南山区
1001150,阿勒泰地区,兴安区
1001151,阿勒泰地区,东山区
1001152,阿勒泰地区,兴山区
1001153,阿勒泰地区,萝北县
1001154,阿勒泰地区,绥滨县
1001155,阿勒泰地区,尖山区
1001156,阿勒泰地区,岭东区
1001157,阿勒泰地区,四方台区
1001158,阿勒泰地区,宝山区
1001159,阿勒泰地区,集贤县
1001160,阿勒泰地区,友谊县
1001161,阿勒泰地区,宝清县
1001162,阿勒泰地区,饶河县
1001163,阿勒泰地区,萨尔图区
1001164,阿勒泰地区,龙凤区
1001165,阿勒泰地区,让胡路区
1001166,阿勒泰地区,红岗区
1001167,阿勒泰地区,大同区
1001168,阿勒泰地区,肇州县
1001169,阿勒泰地区,肇源县
1001170,阿勒泰地区,林甸县
1001171,阿勒泰地区,杜尔伯特蒙古族自治县
1001172,阿勒泰地区,伊春区
1001173,阿勒泰地区,南岔区
1001174,阿勒泰地区,友好区
1001175,阿勒泰地区,西林区
1001176,阿勒泰地区,翠峦区
1001177,阿勒泰地区,新青区
1001178,阿勒泰地区,美溪区
1001179,阿勒泰地区,金山屯区
1001180,阿勒泰地区,五营区
1001181,阿勒泰地区,乌马河区
1001182,阿勒泰地区,汤旺河区
1001183,阿勒泰地区,带岭区
1001184,阿勒泰地区,乌伊岭区
1001185,阿勒泰地区,红星区
1001186,阿勒泰地区,上甘岭区
1001187,阿勒泰地区,嘉荫县
1001188,阿勒泰地区,铁力市
1001189,阿勒泰地区,向阳区
1001190,阿勒泰地区,前进区
1001191,阿勒泰地区,东风区
1001192,阿勒泰地区,郊区
1001193,阿勒泰地区,桦南县
1001194,阿勒泰地区,桦川县
1001195,阿勒泰地区,汤原县
1001196,阿勒泰地区,同江市
1001197,阿勒泰地区,富锦市
1001198,阿勒泰地区,抚远市
1001199,阿勒泰地区,新兴区
1001200,阿勒泰地区,桃山区
1001201,阿勒泰地区,茄子河区
1001202,阿勒泰地区,勃利县
1001203,阿勒泰地区,东安区
1001204,阿勒泰地区,阳明区
1001205,阿勒泰地区,爱民区
1001206,阿勒泰地区,西安区
1001207,阿勒泰地区,林口县
1001208,阿勒泰地区,绥芬河市
1001209,阿勒泰地区,海林市
1001210,阿勒泰地区,宁安市
1001211,阿勒泰地区,穆棱市
1001212,阿勒泰地区,东宁市
1001213,阿勒泰地区,爱辉区
1001214,阿勒泰地区,嫩江县
1001215,阿勒泰地区,逊克县
1001216,阿勒泰地区,孙吴县
1001217,阿勒泰地区,北安市
1001218,阿勒泰地区,五大连池市
1001219,阿勒泰地区,北林区
1001220,阿勒泰地区,望奎县
1001221,阿勒泰地区,兰西县
1001222,阿勒泰地区,青冈县
1001223,阿勒泰地区,庆安县
1001224,阿勒泰地区,明水县
1001225,阿勒泰地区,绥棱县
1001226,阿勒泰地区,安达市
1001227,阿勒泰地区,肇东市
1001228,阿勒泰地区,海伦市
1001229,阿勒泰地区,呼玛县
1001230,阿勒泰地区,塔河县
1001231,阿勒泰地区,漠河县
1001232,阿勒泰地区,玄武区
1001233,阿勒泰地区,秦淮区
1001234,阿勒泰地区,建邺区
1001235,阿勒泰地区,鼓楼区
1001236,阿勒泰地区,浦口区
1001237,阿勒泰地区,栖霞区
1001238,阿勒泰地区,雨花台区
1001239,阿勒泰地区,江宁区
1001240,阿勒泰地区,六合区
1001241,阿勒泰地区,溧水区
1001242,阿勒泰地区,高淳区
1001243,阿勒泰地区,锡山区
1001244,阿勒泰地区,惠山区
1001245,阿勒泰地区,滨湖区
1001246,阿勒泰地区,梁溪区
1001247,阿勒泰地区,新吴区
1001248,阿勒泰地区,江阴市
1001249,阿勒泰地区,宜兴市
1001250,阿勒泰地区,鼓楼区
1001251,阿勒泰地区,云龙区
1001252,阿勒泰地区,贾汪区
1001253,阿勒泰地区,泉山区
1001254,阿勒泰地区,铜山区
1001255,阿勒泰地区,丰县
1001256,阿勒泰地区,沛县
1001257,阿勒泰地区,睢宁县
1001258,阿勒泰地区,新沂市
1001259,阿勒泰地区,邳州市
1001260,阿勒泰地区,天宁区
1001261,阿勒泰地区,钟楼区
1001262,阿勒泰地区,新北区
1001263,阿勒泰地区,武进区
1001264,阿勒泰地区,金坛区
1001265,阿勒泰地区,溧阳市
1001266,阿勒泰地区,虎丘区
1001267,阿勒泰地区,吴中区
1001268,阿勒泰地区,相城区
1001269,阿勒泰地区,姑苏区
1001270,阿勒泰地区,吴江区
1001271,阿勒泰地区,常熟市
1001272,阿勒泰地区,张家港市
1001273,阿勒泰地区,昆山市
1001274,阿勒泰地区,太仓市
1001275,阿勒泰地区,崇川区
1001276,阿勒泰地区,港闸区
1001277,阿勒泰地区,通州区
1001278,阿勒泰地区,海安县
1001279,阿勒泰地区,如东县
1001280,阿勒泰地区,启东市
1001281,阿勒泰地区,如皋市
1001282,阿勒泰地区,海门市
1001283,阿勒泰地区,连云区
1001284,阿勒泰地区,海州区
1001285,阿勒泰地区,赣榆区
1001286,阿勒泰地区,东海县
1001287,阿勒泰地区,灌云县
1001288,阿勒泰地区,灌南县
1001289,阿勒泰地区,淮安区
1001290,阿勒泰地区,淮阴区
1001291,阿勒泰地区,清江浦区
1001292,阿勒泰地区,洪泽区
1001293,阿勒泰地区,涟水县
1001294,阿勒泰地区,盱眙县
1001295,阿勒泰地区,金湖县
1001296,阿勒泰地区,亭湖区
1001297,阿勒泰地区,盐都区
1001298,阿勒泰地区,大丰区
1001299,阿勒泰地区,响水县
1001300,阿勒泰地区,滨海县
1001301,阿勒泰地区,阜宁县
1001302,阿勒泰地区,射阳县
1001303,阿勒泰地区,建湖县
1001304,阿勒泰地区,东台市
1001305,阿勒泰地区,广陵区
1001306,阿勒泰地区,邗江区
1001307,阿勒泰地区,江都区
1001308,阿勒泰地区,宝应县
1001309,阿勒泰地区,仪征市
1001310,阿勒泰地区,高邮市
1001311,阿勒泰地区,京口区
1001312,阿勒泰地区,润州区
1001313,阿勒泰地区,丹徒区
1001314,阿勒泰地区,丹阳市
1001315,阿勒泰地区,扬中市
1001316,阿勒泰地区,句容市
1001317,阿勒泰地区,海陵区
1001318,阿勒泰地区,高港区
1001319,阿勒泰地区,姜堰区
1001320,阿勒泰地区,兴化市
1001321,阿勒泰地区,靖江市
1001322,阿勒泰地区,泰兴市
1001323,阿勒泰地区,宿城区
1001324,阿勒泰地区,宿豫区
1001325,阿勒泰地区,沭阳县
1001326,阿勒泰地区,泗阳县
1001327,阿勒泰地区,泗洪县
1001328,阿勒泰地区,上城区
1001329,阿勒泰地区,下城区
1001330,阿勒泰地区,江干区
1001331,阿勒泰地区,拱墅区
1001332,阿勒泰地区,西湖区
1001333,阿勒泰地区,滨江区
1001334,阿勒泰地区,萧山区
1001335,阿勒泰地区,余杭区
1001336,阿勒泰地区,富阳区
1001337,阿勒泰地区,桐庐县
1001338,阿勒泰地区,淳安县
1001339,阿勒泰地区,建德市
1001340,阿勒泰地区,临安市
1001341,阿勒泰地区,海曙区
1001342,阿勒泰地区,江东区
1001343,阿勒泰地区,江北区
1001344,阿勒泰地区,北仑区
1001345,阿勒泰地区,镇海区
1001346,阿勒泰地区,鄞州区
1001347,阿勒泰地区,象山县
1001348,阿勒泰地区,宁海县
1001349,阿勒泰地区,余姚市
1001350,阿勒泰地区,慈溪市
1001351,阿勒泰地区,奉化市
1001352,阿勒泰地区,鹿城区
1001353,阿勒泰地区,龙湾区
1001354,阿勒泰地区,瓯海区
1001355,阿勒泰地区,洞头区
1001356,阿勒泰地区,永嘉县
1001357,阿勒泰地区,平阳县
1001358,阿勒泰地区,苍南县
1001359,阿勒泰地区,文成县
1001360,阿勒泰地区,泰顺县
1001361,阿勒泰地区,瑞安市
1001362,阿勒泰地区,乐清市
1001363,阿勒泰地区,南湖区
1001364,阿勒泰地区,秀洲区
1001365,阿勒泰地区,嘉善县
1001366,阿勒泰地区,海盐县
1001367,阿勒泰地区,海宁市
1001368,阿勒泰地区,平湖市
1001369,阿勒泰地区,桐乡市
1001370,阿勒泰地区,吴兴区
1001371,阿勒泰地区,南浔区
1001372,阿勒泰地区,德清县
1001373,阿勒泰地区,长兴县
1001374,阿勒泰地区,安吉县
1001375,阿勒泰地区,越城区
1001376,阿勒泰地区,柯桥区
1001377,阿勒泰地区,上虞区
1001378,阿勒泰地区,新昌县
1001379,阿勒泰地区,诸暨市
1001380,阿勒泰地区,嵊州市
1001381,阿勒泰地区,婺城区
1001382,阿勒泰地区,金东区
1001383,阿勒泰地区,武义县
1001384,阿勒泰地区,浦江县
1001385,阿勒泰地区,磐安县
1001386,阿勒泰地区,兰溪市
1001387,阿勒泰地区,义乌市
1001388,阿勒泰地区,东阳市
1001389,阿勒泰地区,永康市
1001390,阿勒泰地区,柯城区
1001391,阿勒泰地区,衢江区
1001392,阿勒泰地区,常山县
1001393,阿勒泰地区,开化县
1001394,阿勒泰地区,龙游县
1001395,阿勒泰地区,江山市
1001396,阿勒泰地区,定海区
1001397,阿勒泰地区,普陀区
1001398,阿勒泰地区,岱山县
1001399,阿勒泰地区,嵊泗县
1001400,阿勒泰地区,椒江区
1001401,阿勒泰地区,黄岩区
1001402,阿勒泰地区,路桥区
1001403,阿勒泰地区,玉环县
1001404,阿勒泰地区,三门县
1001405,阿勒泰地区,天台县
1001406,阿勒泰地区,仙居县
1001407,阿勒泰地区,温岭市
1001408,阿勒泰地区,临海市
1001409,阿勒泰地区,莲都区
1001410,阿勒泰地区,青田县
1001411,阿勒泰地区,缙云县
1001412,阿勒泰地区,遂昌县
1001413,阿勒泰地区,松阳县
1001414,阿勒泰地区,云和县
1001415,阿勒泰地区,庆元县
1001416,阿勒泰地区,景宁畲族自治县
1001417,阿勒泰地区,龙泉市
1001418,阿勒泰地区,瑶海区
1001419,阿勒泰地区,庐阳区
1001420,阿勒泰地区,蜀山区
1001421,阿勒泰地区,包河区
1001422,阿勒泰地区,长丰县
1001423,阿勒泰地区,肥东县
1001424,阿勒泰地区,肥西县
1001425,阿勒泰地区,庐江县
1001426,阿勒泰地区,巢湖市
1001427,阿勒泰地区,镜湖区
1001428,阿勒泰地区,弋江区
1001429,阿勒泰地区,鸠江区
1001430,阿勒泰地区,三山区
1001431,阿勒泰地区,芜湖县
1001432,阿勒泰地区,繁昌县
1001433,阿勒泰地区,南陵县
1001434,阿勒泰地区,无为县
1001435,阿勒泰地区,龙子湖区
1001436,阿勒泰地区,蚌山区
1001437,阿勒泰地区,禹会区
1001438,阿勒泰地区,淮上区
1001439,阿勒泰地区,怀远县
1001440,阿勒泰地区,五河县
1001441,阿勒泰地区,固镇县
1001442,阿勒泰地区,大通区
1001443,阿勒泰地区,田家庵区
1001444,阿勒泰地区,谢家集区
1001445,阿勒泰地区,八公山区
1001446,阿勒泰地区,潘集区
1001447,阿勒泰地区,凤台县
1001448,阿勒泰地区,寿县
1001449,阿勒泰地区,花山区
1001450,阿勒泰地区,雨山区
1001451,阿勒泰地区,博望区
1001452,阿勒泰地区,当涂县
1001453,阿勒泰地区,含山县
1001454,阿勒泰地区,和县
1001455,阿勒泰地区,杜集区
1001456,阿勒泰地区,相山区
1001457,阿勒泰地区,烈山区
1001458,阿勒泰地区,濉溪县
1001459,阿勒泰地区,铜官区
1001460,阿勒泰地区,义安区
1001461,阿勒泰地区,郊区
1001462,阿勒泰地区,枞阳县
1001463,阿勒泰地区,迎江区
1001464,阿勒泰地区,大观区
1001465,阿勒泰地区,宜秀区
1001466,阿勒泰地区,怀宁县
1001467,阿勒泰地区,潜山县
1001468,阿勒泰地区,太湖县
1001469,阿勒泰地区,宿松县
1001470,阿勒泰地区,望江县
1001471,阿勒泰地区,岳西县
1001472,阿勒泰地区,桐城市
1001473,阿勒泰地区,屯溪区
1001474,阿勒泰地区,黄山区
1001475,阿勒泰地区,徽州区
1001476,阿勒泰地区,歙县
1001477,阿勒泰地区,休宁县
1001478,阿勒泰地区,黟县
1001479,阿勒泰地区,祁门县
1001480,阿勒泰地区,琅琊区
1001481,阿勒泰地区,南谯区
1001482,阿勒泰地区,来安县
1001483,阿勒泰地区,全椒县
1001484,阿勒泰地区,定远县
1001485,阿勒泰地区,凤阳县
1001486,阿勒泰地区,天长市
1001487,阿勒泰地区,明光市
1001488,阿勒泰地区,颍州区
1001489,阿勒泰地区,颍东区
1001490,阿勒泰地区,颍泉区
1001491,阿勒泰地区,临泉县
1001492,阿勒泰地区,太和县
1001493,阿勒泰地区,阜南县
1001494,阿勒泰地区,颍上县
1001495,阿勒泰地区,界首市
1001496,阿勒泰地区,埇桥区
1001497,阿勒泰地区,砀山县
1001498,阿勒泰地区,萧县
1001499,阿勒泰地区,灵璧县
1001500,阿勒泰地区,泗县
1001501,阿勒泰地区,金安区
1001502,阿勒泰地区,裕安区
1001503,阿勒泰地区,叶集区
1001504,阿勒泰地区,霍邱县
1001505,阿勒泰地区,舒城县
1001506,阿勒泰地区,金寨县
1001507,阿勒泰地区,霍山县
1001508,阿勒泰地区,谯城区
1001509,阿勒泰地区,涡阳县
1001510,阿勒泰地区,蒙城县
1001511,阿勒泰地区,利辛县
1001512,阿勒泰地区,贵池区
1001513,阿勒泰地区,东至县
1001514,阿勒泰地区,石台县
1001515,阿勒泰地区,青阳县
1001516,阿勒泰地区,宣州区
1001517,阿勒泰地区,郎溪县
1001518,阿勒泰地区,广德县
1001519,阿勒泰地区,泾县
1001520,阿勒泰地区,绩溪县
1001521,阿勒泰地区,旌德县
1001522,阿勒泰地区,宁国市
1001523,阿勒泰地区,鼓楼区
1001524,阿勒泰地区,台江区
1001525,阿勒泰地区,仓山区
1001526,阿勒泰地区,马尾区
1001527,阿勒泰地区,晋安区
1001528,阿勒泰地区,闽侯县
1001529,阿勒泰地区,连江县
1001530,阿勒泰地区,罗源县
1001531,阿勒泰地区,闽清县
1001532,阿勒泰地区,永泰县
1001533,阿勒泰地区,平潭县
1001534,阿勒泰地区,福清市
1001535,阿勒泰地区,长乐市
1001536,阿勒泰地区,思明区
1001537,阿勒泰地区,海沧区
1001538,阿勒泰地区,湖里区
1001539,阿勒泰地区,集美区
1001540,阿勒泰地区,同安区
1001541,阿勒泰地区,翔安区
1001542,阿勒泰地区,城厢区
1001543,阿勒泰地区,涵江区
1001544,阿勒泰地区,荔城区
1001545,阿勒泰地区,秀屿区
1001546,阿勒泰地区,仙游县
1001547,阿勒泰地区,梅列区
1001548,阿勒泰地区,三元区
1001549,阿勒泰地区,明溪县
1001550,阿勒泰地区,清流县
1001551,阿勒泰地区,宁化县
1001552,阿勒泰地区,大田县
1001553,阿勒泰地区,尤溪县
1001554,阿勒泰地区,沙县
1001555,阿勒泰地区,将乐县
1001556,阿勒泰地区,泰宁县
1001557,阿勒泰地区,建宁县
1001558,阿勒泰地区,永安市
1001559,阿勒泰地区,鲤城区
1001560,阿勒泰地区,丰泽区
1001561,阿勒泰地区,洛江区
1001562,阿勒泰地区,泉港区
1001563,阿勒泰地区,惠安县
1001564,阿勒泰地区,安溪县
1001565,阿勒泰地区,永春县
1001566,阿勒泰地区,德化县
1001567,阿勒泰地区,金门县
1001568,阿勒泰地区,石狮市
1001569,阿勒泰地区,晋江市
1001570,阿勒泰地区,南安市
1001571,阿勒泰地区,芗城区
1001572,阿勒泰地区,龙文区
1001573,阿勒泰地区,云霄县
1001574,阿勒泰地区,漳浦县
1001575,阿勒泰地区,诏安县
1001576,阿勒泰地区,长泰县
1001577,阿勒泰地区,东山县
1001578,阿勒泰地区,南靖县
1001579,阿勒泰地区,平和县
1001580,阿勒泰地区,华安县
1001581,阿勒泰地区,龙海市
1001582,阿勒泰地区,延平区
1001583,阿勒泰地区,建阳区
1001584,阿勒泰地区,顺昌县
1001585,阿勒泰地区,浦城县
1001586,阿勒泰地区,光泽县
1001587,阿勒泰地区,松溪县
1001588,阿勒泰地区,政和县
1001589,阿勒泰地区,邵武市
1001590,阿勒泰地区,武夷山市
1001591,阿勒泰地区,建瓯市
1001592,阿勒泰地区,新罗区
1001593,阿勒泰地区,永定区
1001594,阿勒泰地区,长汀县
1001595,阿勒泰地区,上杭县
1001596,阿勒泰地区,武平县
1001597,阿勒泰地区,连城县
1001598,阿勒泰地区,漳平市
1001599,阿勒泰地区,蕉城区
1001600,阿勒泰地区,霞浦县
1001601,阿勒泰地区,古田县
1001602,阿勒泰地区,屏南县
1001603,阿勒泰地区,寿宁县
1001604,阿勒泰地区,周宁县
1001605,阿勒泰地区,柘荣县
1001606,阿勒泰地区,福安市
1001607,阿勒泰地区,福鼎市
1001608,阿勒泰地区,东湖区
1001609,阿勒泰地区,西湖区
1001610,阿勒泰地区,青云谱区
1001611,阿勒泰地区,湾里区
1001612,阿勒泰地区,青山湖区
1001613,阿勒泰地区,新建区
1001614,阿勒泰地区,南昌县
1001615,阿勒泰地区,安义县
1001616,阿勒泰地区,进贤县
1001617,阿勒泰地区,昌江区
1001618,阿勒泰地区,珠山区
1001619,阿勒泰地区,浮梁县
1001620,阿勒泰地区,乐平市
1001621,阿勒泰地区,安源区
1001622,阿勒泰地区,湘东区
1001623,阿勒泰地区,莲花县
1001624,阿勒泰地区,上栗县
1001625,阿勒泰地区,芦溪县
1001626,阿勒泰地区,濂溪区
1001627,阿勒泰地区,浔阳区
1001628,阿勒泰地区,九江县
1001629,阿勒泰地区,武宁县
1001630,阿勒泰地区,修水县
1001631,阿勒泰地区,永修县
1001632,阿勒泰地区,德安县
1001633,阿勒泰地区,都昌县
1001634,阿勒泰地区,湖口县
1001635,阿勒泰地区,彭泽县
1001636,阿勒泰地区,瑞昌市
1001637,阿勒泰地区,共青城市
1001638,阿勒泰地区,庐山市
1001639,阿勒泰地区,渝水区
1001640,阿勒泰地区,分宜县
1001641,阿勒泰地区,月湖区
1001642,阿勒泰地区,余江县
1001643,阿勒泰地区,贵溪市
1001644,阿勒泰地区,章贡区
1001645,阿勒泰地区,南康区
1001646,阿勒泰地区,赣县
1001647,阿勒泰地区,信丰县
1001648,阿勒泰地区,大余县
1001649,阿勒泰地区,上犹县
1001650,阿勒泰地区,崇义县
1001651,阿勒泰地区,安远县
1001652,阿勒泰地区,龙南县
1001653,阿勒泰地区,定南县
1001654,阿勒泰地区,全南县
1001655,阿勒泰地区,宁都县
1001656,阿勒泰地区,于都县
1001657,阿勒泰地区,兴国县
1001658,阿勒泰地区,会昌县
1001659,阿勒泰地区,寻乌县
1001660,阿勒泰地区,石城县
1001661,阿勒泰地区,瑞金市
1001662,阿勒泰地区,吉州区
1001663,阿勒泰地区,青原区
1001664,阿勒泰地区,吉安县
1001665,阿勒泰地区,吉水县
1001666,阿勒泰地区,峡江县
1001667,阿勒泰地区,新干县
1001668,阿勒泰地区,永丰县
1001669,阿勒泰地区,泰和县
1001670,阿勒泰地区,遂川县
1001671,阿勒泰地区,万安县
1001672,阿勒泰地区,安福县
1001673,阿勒泰地区,永新县
1001674,阿勒泰地区,井冈山市
1001675,阿勒泰地区,袁州区
1001676,阿勒泰地区,奉新县
1001677,阿勒泰地区,万载县
1001678,阿勒泰地区,上高县
1001679,阿勒泰地区,宜丰县
1001680,阿勒泰地区,靖安县
1001681,阿勒泰地区,铜鼓县
1001682,阿勒泰地区,丰城市
1001683,阿勒泰地区,樟树市
1001684,阿勒泰地区,高安市
1001685,阿勒泰地区,临川区
1001686,阿勒泰地区,南城县
1001687,阿勒泰地区,黎川县
1001688,阿勒泰地区,南丰县
1001689,阿勒泰地区,崇仁县
1001690,阿勒泰地区,乐安县
1001691,阿勒泰地区,宜黄县
1001692,阿勒泰地区,金溪县
1001693,阿勒泰地区,资溪县
1001694,阿勒泰地区,东乡县
1001695,阿勒泰地区,广昌县
1001696,阿勒泰地区,信州区
1001697,阿勒泰地区,广丰区
1001698,阿勒泰地区,上饶县
1001699,阿勒泰地区,玉山县
1001700,阿勒泰地区,铅山县
1001701,阿勒泰地区,横峰县
1001702,阿勒泰地区,弋阳县
1001703,阿勒泰地区,余干县
1001704,阿勒泰地区,鄱阳县
1001705,阿勒泰地区,万年县
1001706,阿勒泰地区,婺源县
1001707,阿勒泰地区,德兴市
1001708,阿勒泰地区,历下区
1001709,阿勒泰地区,市中区
1001710,阿勒泰地区,槐荫区
1001711,阿勒泰地区,天桥区
1001712,阿勒泰地区,历城区
1001713,阿勒泰地区,长清区
1001714,阿勒泰地区,平阴县
1001715,阿勒泰地区,济阳县
1001716,阿勒泰地区,商河县
1001717,阿勒泰地区,章丘市
1001718,阿勒泰地区,市南区
1001719,阿勒泰地区,市北区
1001720,阿勒泰地区,黄岛区
1001721,阿勒泰地区,崂山区
1001722,阿勒泰地区,李沧区
1001723,阿勒泰地区,城阳区
1001724,阿勒泰地区,胶州市
1001725,阿勒泰地区,即墨市
1001726,阿勒泰地区,平度市
1001727,阿勒泰地区,莱西市
1001728,阿勒泰地区,淄川区
1001729,阿勒泰地区,张店区
1001730,阿勒泰地区,博山区
1001731,阿勒泰地区,临淄区
1001732,阿勒泰地区,周村区
1001733,阿勒泰地区,桓台县
1001734,阿勒泰地区,高青县
1001735,阿勒泰地区,沂源县
1001736,阿勒泰地区,市中区
1001737,阿勒泰地区,薛城区
1001738,阿勒泰地区,峄城区
1001739,阿勒泰地区,台儿庄区
1001740,阿勒泰地区,山亭区
1001741,阿勒泰地区,滕州市
1001742,阿勒泰地区,东营区
1001743,阿勒泰地区,河口区
1001744,阿勒泰地区,垦利区
1001745,阿勒泰地区,利津县
1001746,阿勒泰地区,广饶县
1001747,阿勒泰地区,芝罘区
1001748,阿勒泰地区,福山区
1001749,阿勒泰地区,牟平区
1001750,阿勒泰地区,莱山区
1001751,阿勒泰地区,长岛县
1001752,阿勒泰地区,龙口市
1001753,阿勒泰地区,莱阳市
1001754,阿勒泰地区,莱州市
1001755,阿勒泰地区,蓬莱市
1001756,阿勒泰地区,招远市
1001757,阿勒泰地区,栖霞市
1001758,阿勒泰地区,海阳市
1001759,阿勒泰地区,潍城区
1001760,阿勒泰地区,寒亭区
1001761,阿勒泰地区,坊子区
1001762,阿勒泰地区,奎文区
1001763,阿勒泰地区,临朐县
1001764,阿勒泰地区,昌乐县
1001765,阿勒泰地区,青州市
1001766,阿勒泰地区,诸城市
1001767,阿勒泰地区,寿光市
1001768,阿勒泰地区,安丘市
1001769,阿勒泰地区,高密市
1001770,阿勒泰地区,昌邑市
1001771,阿勒泰地区,任城区
1001772,阿勒泰地区,兖州区
1001773,阿勒泰地区,微山县
1001774,阿勒泰地区,鱼台县
1001775,阿勒泰地区,金乡县
1001776,阿勒泰地区,嘉祥县
1001777,阿勒泰地区,汶上县
1001778,阿勒泰地区,泗水县
1001779,阿勒泰地区,梁山县
1001780,阿勒泰地区,曲阜市
1001781,阿勒泰地区,邹城市
1001782,阿勒泰地区,泰山区
1001783,阿勒泰地区,岱岳区
1001784,阿勒泰地区,宁阳县
1001785,阿勒泰地区,东平县
1001786,阿勒泰地区,新泰市
1001787,阿勒泰地区,肥城市
1001788,阿勒泰地区,环翠区
1001789,阿勒泰地区,文登区
1001790,阿勒泰地区,荣成市
1001791,阿勒泰地区,乳山市
1001792,阿勒泰地区,东港区
1001793,阿勒泰地区,岚山区
1001794,阿勒泰地区,五莲县
1001795,阿勒泰地区,莒县
1001796,阿勒泰地区,莱城区
1001797,阿勒泰地区,钢城区
1001798,阿勒泰地区,兰山区
1001799,阿勒泰地区,罗庄区
1001800,阿勒泰地区,河东区
1001801,阿勒泰地区,沂南县
1001802,阿勒泰地区,郯城县
1001803,阿勒泰地区,沂水县
1001804,阿勒泰地区,兰陵县
1001805,阿勒泰地区,费县
1001806,阿勒泰地区,平邑县
1001807,阿勒泰地区,莒南县
1001808,阿勒泰地区,蒙阴县
1001809,阿勒泰地区,临沭县
1001810,阿勒泰地区,德城区
1001811,阿勒泰地区,陵城区
1001812,阿勒泰地区,宁津县
1001813,阿勒泰地区,庆云县
1001814,阿勒泰地区,临邑县
1001815,阿勒泰地区,齐河县
1001816,阿勒泰地区,平原县
1001817,阿勒泰地区,夏津县
1001818,阿勒泰地区,武城县
1001819,阿勒泰地区,乐陵市
1001820,阿勒泰地区,禹城市
1001821,阿勒泰地区,东昌府区
1001822,阿勒泰地区,阳谷县
1001823,阿勒泰地区,莘县
1001824,阿勒泰地区,茌平县
1001825,阿勒泰地区,东阿县
1001826,阿勒泰地区,冠县
1001827,阿勒泰地区,高唐县
1001828,阿勒泰地区,临清市
1001829,阿勒泰地区,滨城区
1001830,阿勒泰地区,沾化区
1001831,阿勒泰地区,惠民县
1001832,阿勒泰地区,阳信县
1001833,阿勒泰地区,无棣县
1001834,阿勒泰地区,博兴县
1001835,阿勒泰地区,邹平县
1001836,阿勒泰地区,牡丹区
1001837,阿勒泰地区,定陶区
1001838,阿勒泰地区,曹县
1001839,阿勒泰地区,单县
1001840,阿勒泰地区,成武县
1001841,阿勒泰地区,巨野县
1001842,阿勒泰地区,郓城县
1001843,阿勒泰地区,鄄城县
1001844,阿勒泰地区,东明县
1001845,阿勒泰地区,中原区
1001846,阿勒泰地区,二七区
1001847,阿勒泰地区,管城回族区
1001848,阿勒泰地区,金水区
1001849,阿勒泰地区,上街区
1001850,阿勒泰地区,惠济区
1001851,阿勒泰地区,中牟县
1001852,阿勒泰地区,巩义市
1001853,阿勒泰地区,荥阳市
1001854,阿勒泰地区,新密市
1001855,阿勒泰地区,新郑市
1001856,阿勒泰地区,登封市
1001857,阿勒泰地区,龙亭区
1001858,阿勒泰地区,顺河回族区
1001859,阿勒泰地区,鼓楼区
1001860,阿勒泰地区,禹王台区
1001861,阿勒泰地区,金明区
1001862,阿勒泰地区,祥符区
1001863,阿勒泰地区,杞县
1001864,阿勒泰地区,通许县
1001865,阿勒泰地区,尉氏县
1001866,阿勒泰地区,兰考县
1001867,阿勒泰地区,老城区
1001868,阿勒泰地区,西工区
1001869,阿勒泰地区,瀍河回族区
1001870,阿勒泰地区,涧西区
1001871,阿勒泰地区,吉利区
1001872,阿勒泰地区,洛龙区
1001873,阿勒泰地区,孟津县
1001874,阿勒泰地区,新安县
1001875,阿勒泰地区,栾川县
1001876,阿勒泰地区,嵩县
1001877,阿勒泰地区,汝阳县
1001878,阿勒泰地区,宜阳县
1001879,阿勒泰地区,洛宁县
1001880,阿勒泰地区,伊川县
1001881,阿勒泰地区,偃师市
1001882,阿勒泰地区,新华区
1001883,阿勒泰地区,卫东区
1001884,阿勒泰地区,石龙区
1001885,阿勒泰地区,湛河区
1001886,阿勒泰地区,宝丰县
1001887,阿勒泰地区,叶县
1001888,阿勒泰地区,鲁山县
1001889,阿勒泰地区,郏县
1001890,阿勒泰地区,舞钢市
1001891,阿勒泰地区,汝州市
1001892,阿勒泰地区,文峰区
1001893,阿勒泰地区,北关区
1001894,阿勒泰地区,殷都区
1001895,阿勒泰地区,龙安区
1001896,阿勒泰地区,安阳县
1001897,阿勒泰地区,汤阴县
1001898,阿勒泰地区,滑县
1001899,阿勒泰地区,内黄县
1001900,阿勒泰地区,林州市
1001901,阿勒泰地区,鹤山区
1001902,阿勒泰地区,山城区
1001903,阿勒泰地区,淇滨区
1001904,阿勒泰地区,浚县
1001905,阿勒泰地区,淇县
1001906,阿勒泰地区,红旗区
1001907,阿勒泰地区,卫滨区
1001908,阿勒泰地区,凤泉区
1001909,阿勒泰地区,牧野区
1001910,阿勒泰地区,新乡县
1001911,阿勒泰地区,获嘉县
1001912,阿勒泰地区,原阳县
1001913,阿勒泰地区,延津县
1001914,阿勒泰地区,封丘县
1001915,阿勒泰地区,长垣县
1001916,阿勒泰地区,卫辉市
1001917,阿勒泰地区,辉县市
1001918,阿勒泰地区,解放区
1001919,阿勒泰地区,中站区
1001920,阿勒泰地区,马村区
1001921,阿勒泰地区,山阳区
1001922,阿勒泰地区,修武县
1001923,阿勒泰地区,博爱县
1001924,阿勒泰地区,武陟县
1001925,阿勒泰地区,温县
1001926,阿勒泰地区,沁阳市
1001927,阿勒泰地区,孟州市
1001928,阿勒泰地区,华龙区
1001929,阿勒泰地区,清丰县
1001930,阿勒泰地区,南乐县
1001931,阿勒泰地区,范县
1001932,阿勒泰地区,台前县
1001933,阿勒泰地区,濮阳县
1001934,阿勒泰地区,魏都区
1001935,阿勒泰地区,许昌县
1001936,阿勒泰地区,鄢陵县
1001937,阿勒泰地区,襄城县
1001938,阿勒泰地区,禹州市
1001939,阿勒泰地区,长葛市
1001940,阿勒泰地区,源汇区
1001941,阿勒泰地区,郾城区
1001942,阿勒泰地区,召陵区
1001943,阿勒泰地区,舞阳县
1001944,阿勒泰地区,临颍县
1001945,阿勒泰地区,湖滨区
1001946,阿勒泰地区,陕州区
1001947,阿勒泰地区,渑池县
1001948,阿勒泰地区,卢氏县
1001949,阿勒泰地区,义马市
1001950,阿勒泰地区,灵宝市
1001951,阿勒泰地区,宛城区
1001952,阿勒泰地区,卧龙区
1001953,阿勒泰地区,南召县
1001954,阿勒泰地区,方城县
1001955,阿勒泰地区,西峡县
1001956,阿勒泰地区,镇平县
1001957,阿勒泰地区,内乡县
1001958,阿勒泰地区,淅川县
1001959,阿勒泰地区,社旗县
1001960,阿勒泰地区,唐河县
1001961,阿勒泰地区,新野县
1001962,阿勒泰地区,桐柏县
1001963,阿勒泰地区,邓州市
1001964,阿勒泰地区,梁园区
1001965,阿勒泰地区,睢阳区
1001966,阿勒泰地区,民权县
1001967,阿勒泰地区,睢县
1001968,阿勒泰地区,宁陵县
1001969,阿勒泰地区,柘城县
1001970,阿勒泰地区,虞城县
1001971,阿勒泰地区,夏邑县
1001972,阿勒泰地区,永城市
1001973,阿勒泰地区,浉河区
1001974,阿勒泰地区,平桥区
1001975,阿勒泰地区,罗山县
1001976,阿勒泰地区,光山县
1001977,阿勒泰地区,新县
1001978,阿勒泰地区,商城县
1001979,阿勒泰地区,固始县
1001980,阿勒泰地区,潢川县
1001981,阿勒泰地区,淮滨县
1001982,阿勒泰地区,息县
1001983,阿勒泰地区,川汇区
1001984,阿勒泰地区,扶沟县
1001985,阿勒泰地区,西华县
1001986,阿勒泰地区,商水县
1001987,阿勒泰地区,沈丘县
1001988,阿勒泰地区,郸城县
1001989,阿勒泰地区,淮阳县
1001990,阿勒泰地区,太康县
1001991,阿勒泰地区,鹿邑县
1001992,阿勒泰地区,项城市
1001993,阿勒泰地区,驿城区
1001994,阿勒泰地区,西平县
1001995,阿勒泰地区,上蔡县
1001996,阿勒泰地区,平舆县
1001997,阿勒泰地区,正阳县
1001998,阿勒泰地区,确山县
1001999,阿勒泰地区,泌阳县
1002000,阿勒泰地区,汝南县
1002001,阿勒泰地区,遂平县
1002002,阿勒泰地区,新蔡县
1002003,阿勒泰地区,济源市
1002004,阿勒泰地区,江岸区
1002005,阿勒泰地区,江汉区
1002006,阿勒泰地区,硚口区
1002007,阿勒泰地区,汉阳区
1002008,阿勒泰地区,武昌区
1002009,阿勒泰地区,青山区
1002010,阿勒泰地区,洪山区
1002011,阿勒泰地区,东西湖区
1002012,阿勒泰地区,汉南区
1002013,阿勒泰地区,蔡甸区
1002014,阿勒泰地区,江夏区
1002015,阿勒泰地区,黄陂区
1002016,阿勒泰地区,新洲区
1002017,阿勒泰地区,黄石港区
1002018,阿勒泰地区,西塞山区
1002019,阿勒泰地区,下陆区
1002020,阿勒泰地区,铁山区
1002021,阿勒泰地区,阳新县
1002022,阿勒泰地区,大冶市
1002023,阿勒泰地区,茅箭区
1002024,阿勒泰地区,张湾区
1002025,阿勒泰地区,郧阳区
1002026,阿勒泰地区,郧西县
1002027,阿勒泰地区,竹山县
1002028,阿勒泰地区,竹溪县
1002029,阿勒泰地区,房县
1002030,阿勒泰地区,丹江口市
1002031,阿勒泰地区,西陵区
1002032,阿勒泰地区,伍家岗区
1002033,阿勒泰地区,点军区
1002034,阿勒泰地区,猇亭区
1002035,阿勒泰地区,夷陵区
1002036,阿勒泰地区,远安县
1002037,阿勒泰地区,兴山县
1002038,阿勒泰地区,秭归县
1002039,阿勒泰地区,长阳土家族自治县
1002040,阿勒泰地区,五峰土家族自治县
1002041,阿勒泰地区,宜都市
1002042,阿勒泰地区,当阳市
1002043,阿勒泰地区,枝江市
1002044,阿勒泰地区,襄城区
1002045,阿勒泰地区,樊城区
1002046,阿勒泰地区,襄州区
1002047,阿勒泰地区,南漳县
1002048,阿勒泰地区,谷城县
1002049,阿勒泰地区,保康县
1002050,阿勒泰地区,老河口市
1002051,阿勒泰地区,枣阳市
1002052,阿勒泰地区,宜城市
1002053,阿勒泰地区,梁子湖区
1002054,阿勒泰地区,华容区
1002055,阿勒泰地区,鄂城区
1002056,阿勒泰地区,东宝区
1002057,阿勒泰地区,掇刀区
1002058,阿勒泰地区,京山县
1002059,阿勒泰地区,沙洋县
1002060,阿勒泰地区,钟祥市
1002061,阿勒泰地区,孝南区
1002062,阿勒泰地区,孝昌县
1002063,阿勒泰地区,大悟县
1002064,阿勒泰地区,云梦县
1002065,阿勒泰地区,应城市
1002066,阿勒泰地区,安陆市
1002067,阿勒泰地区,汉川市
1002068,阿勒泰地区,沙市区
1002069,阿勒泰地区,荆州区
1002070,阿勒泰地区,公安县
1002071,阿勒泰地区,监利县
1002072,阿勒泰地区,江陵县
1002073,阿勒泰地区,石首市
1002074,阿勒泰地区,洪湖市
1002075,阿勒泰地区,松滋市
1002076,阿勒泰地区,黄州区
1002077,阿勒泰地区,团风县
1002078,阿勒泰地区,红安县
1002079,阿勒泰地区,罗田县
1002080,阿勒泰地区,英山县
1002081,阿勒泰地区,浠水县
1002082,阿勒泰地区,蕲春县
1002083,阿勒泰地区,黄梅县
1002084,阿勒泰地区,麻城市
1002085,阿勒泰地区,武穴市
1002086,阿勒泰地区,咸安区
1002087,阿勒泰地区,嘉鱼县
1002088,阿勒泰地区,通城县
1002089,阿勒泰地区,崇阳县
1002090,阿勒泰地区,通山县
1002091,阿勒泰地区,赤壁市
1002092,阿勒泰地区,曾都区
1002093,阿勒泰地区,随县
1002094,阿勒泰地区,广水市
1002095,阿勒泰地区,恩施市
1002096,阿勒泰地区,利川市
1002097,阿勒泰地区,建始县
1002098,阿勒泰地区,巴东县
1002099,阿勒泰地区,宣恩县
1002100,阿勒泰地区,咸丰县
1002101,阿勒泰地区,来凤县
1002102,阿勒泰地区,鹤峰县
1002103,阿勒泰地区,仙桃市
1002104,阿勒泰地区,潜江市
1002105,阿勒泰地区,天门市
1002106,阿勒泰地区,神农架林区
1002107,阿勒泰地区,芙蓉区
1002108,阿勒泰地区,天心区
1002109,阿勒泰地区,岳麓区
1002110,阿勒泰地区,开福区
1002111,阿勒泰地区,雨花区
1002112,阿勒泰地区,望城区
1002113,阿勒泰地区,长沙县
1002114,阿勒泰地区,宁乡县
1002115,阿勒泰地区,浏阳市
1002116,阿勒泰地区,荷塘区
1002117,阿勒泰地区,芦淞区
1002118,阿勒泰地区,石峰区
1002119,阿勒泰地区,天元区
1002120,阿勒泰地区,株洲县
1002121,阿勒泰地区,攸县
1002122,阿勒泰地区,茶陵县
1002123,阿勒泰地区,炎陵县
1002124,阿勒泰地区,醴陵市
1002125,阿勒泰地区,雨湖区
1002126,阿勒泰地区,岳塘区
1002127,阿勒泰地区,湘潭县
1002128,阿勒泰地区,湘乡市
1002129,阿勒泰地区,韶山市
1002130,阿勒泰地区,珠晖区
1002131,阿勒泰地区,雁峰区
1002132,阿勒泰地区,石鼓区
1002133,阿勒泰地区,蒸湘区
1002134,阿勒泰地区,南岳区
1002135,阿勒泰地区,衡阳县
1002136,阿勒泰地区,衡南县
1002137,阿勒泰地区,衡山县
1002138,阿勒泰地区,衡东县
1002139,阿勒泰地区,祁东县
1002140,阿勒泰地区,耒阳市
1002141,阿勒泰地区,常宁市
1002142,阿勒泰地区,双清区
1002143,阿勒泰地区,大祥区
1002144,阿勒泰地区,北塔区
1002145,阿勒泰地区,邵东县
1002146,阿勒泰地区,新邵县
1002147,阿勒泰地区,邵阳县
1002148,阿勒泰地区,隆回县
1002149,阿勒泰地区,洞口县
1002150,阿勒泰地区,绥宁县
1002151,阿勒泰地区,新宁县
1002152,阿勒泰地区,城步苗族自治县
1002153,阿勒泰地区,武冈市
1002154,阿勒泰地区,岳阳楼区
1002155,阿勒泰地区,云溪区
1002156,阿勒泰地区,君山区
1002157,阿勒泰地区,岳阳县
1002158,阿勒泰地区,华容县
1002159,阿勒泰地区,湘阴县
1002160,阿勒泰地区,平江县
1002161,阿勒泰地区,汨罗市
1002162,阿勒泰地区,临湘市
1002163,阿勒泰地区,武陵区
1002164,阿勒泰地区,鼎城区
1002165,阿勒泰地区,安乡县
1002166,阿勒泰地区,汉寿县
1002167,阿勒泰地区,澧县
1002168,阿勒泰地区,临澧县
1002169,阿勒泰地区,桃源县
1002170,阿勒泰地区,石门县
1002171,阿勒泰地区,津市市
1002172,阿勒泰地区,永定区
1002173,阿勒泰地区,武陵源区
1002174,阿勒泰地区,慈利县
1002175,阿勒泰地区,桑植县
1002176,阿勒泰地区,资阳区
1002177,阿勒泰地区,赫山区
1002178,阿勒泰地区,南县
1002179,阿勒泰地区,桃江县
1002180,阿勒泰地区,安化县
1002181,阿勒泰地区,沅江市
1002182,阿勒泰地区,北湖区
1002183,阿勒泰地区,苏仙区
1002184,阿勒泰地区,桂阳县
1002185,阿勒泰地区,宜章县
1002186,阿勒泰地区,永兴县
1002187,阿勒泰地区,嘉禾县
1002188,阿勒泰地区,临武县
1002189,阿勒泰地区,汝城县
1002190,阿勒泰地区,桂东县
1002191,阿勒泰地区,安仁县
1002192,阿勒泰地区,资兴市
1002193,阿勒泰地区,零陵区
1002194,阿勒泰地区,冷水滩区
1002195,阿勒泰地区,祁阳县
1002196,阿勒泰地区,东安县
1002197,阿勒泰地区,双牌县
1002198,阿勒泰地区,道县
1002199,阿勒泰地区,江永县
1002200,阿勒泰地区,宁远县
1002201,阿勒泰地区,蓝山县
1002202,阿勒泰地区,新田县
1002203,阿勒泰地区,江华瑶族自治县
1002204,阿勒泰地区,鹤城区
1002205,阿勒泰地区,中方县
1002206,阿勒泰地区,沅陵县
1002207,阿勒泰地区,辰溪县
1002208,阿勒泰地区,溆浦县
1002209,阿勒泰地区,会同县
1002210,阿勒泰地区,麻阳苗族自治县
1002211,阿勒泰地区,新晃侗族自治县
1002212,阿勒泰地区,芷江侗族自治县
1002213,阿勒泰地区,靖州苗族侗族自治县
1002214,阿勒泰地区,通道侗族自治县
1002215,阿勒泰地区,洪江市
1002216,阿勒泰地区,娄星区
1002217,阿勒泰地区,双峰县
1002218,阿勒泰地区,新化县
1002219,阿勒泰地区,冷水江市
1002220,阿勒泰地区,涟源市
1002221,阿勒泰地区,吉首市
1002222,阿勒泰地区,泸溪县
1002223,阿勒泰地区,凤凰县
1002224,阿勒泰地区,花垣县
1002225,阿勒泰地区,保靖县
1002226,阿勒泰地区,古丈县
1002227,阿勒泰地区,永顺县
1002228,阿勒泰地区,龙山县
1002229,阿勒泰地区,荔湾区
1002230,阿勒泰地区,越秀区
1002231,阿勒泰地区,海珠区
1002232,阿勒泰地区,天河区
1002233,阿勒泰地区,白云区
1002234,阿勒泰地区,黄埔区
1002235,阿勒泰地区,番禺区
1002236,阿勒泰地区,花都区
1002237,阿勒泰地区,南沙区
1002238,阿勒泰地区,从化区
1002239,阿勒泰地区,增城区
1002240,阿勒泰地区,武江区
1002241,阿勒泰地区,浈江区
1002242,阿勒泰地区,曲江区
1002243,阿勒泰地区,始兴县
1002244,阿勒泰地区,仁化县
1002245,阿勒泰地区,翁源县
1002246,阿勒泰地区,乳源瑶族自治县
1002247,阿勒泰地区,新丰县
1002248,阿勒泰地区,乐昌市
1002249,阿勒泰地区,南雄市
1002250,阿勒泰地区,罗湖区
1002251,阿勒泰地区,福田区
1002252,阿勒泰地区,南山区
1002253,阿勒泰地区,宝安区
1002254,阿勒泰地区,龙岗区
1002255,阿勒泰地区,盐田区
1002256,阿勒泰地区,香洲区
1002257,阿勒泰地区,斗门区
1002258,阿勒泰地区,金湾区
1002259,阿勒泰地区,龙湖区
1002260,阿勒泰地区,金平区
1002261,阿勒泰地区,濠江区
1002262,阿勒泰地区,潮阳区
1002263,阿勒泰地区,潮南区
1002264,阿勒泰地区,澄海区
1002265,阿勒泰地区,南澳县
1002266,阿勒泰地区,禅城区
1002267,阿勒泰地区,南海区
1002268,阿勒泰地区,顺德区
1002269,阿勒泰地区,三水区
1002270,阿勒泰地区,高明区
1002271,阿勒泰地区,蓬江区
1002272,阿勒泰地区,江海区
1002273,阿勒泰地区,新会区
1002274,阿勒泰地区,台山市
1002275,阿勒泰地区,开平市
1002276,阿勒泰地区,鹤山市
1002277,阿勒泰地区,恩平市
1002278,阿勒泰地区,赤坎区
1002279,阿勒泰地区,霞山区
1002280,阿勒泰地区,坡头区
1002281,阿勒泰地区,麻章区
1002282,阿勒泰地区,遂溪县
1002283,阿勒泰地区,徐闻县
1002284,阿勒泰地区,廉江市
1002285,阿勒泰地区,雷州市
1002286,阿勒泰地区,吴川市
1002287,阿勒泰地区,茂南区
1002288,阿勒泰地区,电白区
1002289,阿勒泰地区,高州市
1002290,阿勒泰地区,化州市
1002291,阿勒泰地区,信宜市
1002292,阿勒泰地区,端州区
1002293,阿勒泰地区,鼎湖区
1002294,阿勒泰地区,高要区
1002295,阿勒泰地区,广宁县
1002296,阿勒泰地区,怀集县
1002297,阿勒泰地区,封开县
1002298,阿勒泰地区,德庆县
1002299,阿勒泰地区,四会市
1002300,阿勒泰地区,惠城区
1002301,阿勒泰地区,惠阳区
1002302,阿勒泰地区,博罗县
1002303,阿勒泰地区,惠东县
1002304,阿勒泰地区,龙门县
1002305,阿勒泰地区,梅江区
1002306,阿勒泰地区,梅县区
1002307,阿勒泰地区,大埔县
1002308,阿勒泰地区,丰顺县
1002309,阿勒泰地区,五华县
1002310,阿勒泰地区,平远县
1002311,阿勒泰地区,蕉岭县
1002312,阿勒泰地区,兴宁市
1002313,阿勒泰地区,城区
1002314,阿勒泰地区,海丰县
1002315,阿勒泰地区,陆河县
1002316,阿勒泰地区,陆丰市
1002317,阿勒泰地区,源城区
1002318,阿勒泰地区,紫金县
1002319,阿勒泰地区,龙川县
1002320,阿勒泰地区,连平县
1002321,阿勒泰地区,和平县
1002322,阿勒泰地区,东源县
1002323,阿勒泰地区,江城区
1002324,阿勒泰地区,阳东区
1002325,阿勒泰地区,阳西县
1002326,阿勒泰地区,阳春市
1002327,阿勒泰地区,清城区
1002328,阿勒泰地区,清新区
1002329,阿勒泰地区,佛冈县
1002330,阿勒泰地区,阳山县
1002331,阿勒泰地区,连山壮族瑶族自治县
1002332,阿勒泰地区,连南瑶族自治县
1002333,阿勒泰地区,英德市
1002334,阿勒泰地区,连州市
1002335,阿勒泰地区,湘桥区
1002336,阿勒泰地区,潮安区
1002337,阿勒泰地区,饶平县
1002338,阿勒泰地区,榕城区
1002339,阿勒泰地区,揭东区
1002340,阿勒泰地区,揭西县
1002341,阿勒泰地区,惠来县
1002342,阿勒泰地区,普宁市
1002343,阿勒泰地区,云城区
1002344,阿勒泰地区,云安区
1002345,阿勒泰地区,新兴县
1002346,阿勒泰地区,郁南县
1002347,阿勒泰地区,罗定市
1002348,阿勒泰地区,兴宁区
1002349,阿勒泰地区,青秀区
1002350,阿勒泰地区,江南区
1002351,阿勒泰地区,西乡塘区
1002352,阿勒泰地区,良庆区
1002353,阿勒泰地区,邕宁区
1002354,阿勒泰地区,武鸣区
1002355,阿勒泰地区,隆安县
1002356,阿勒泰地区,马山县
1002357,阿勒泰地区,上林县
1002358,阿勒泰地区,宾阳县
1002359,阿勒泰地区,横县
1002360,阿勒泰地区,城中区
1002361,阿勒泰地区,鱼峰区
1002362,阿勒泰地区,柳南区
1002363,阿勒泰地区,柳北区
1002364,阿勒泰地区,柳江区
1002365,阿勒泰地区,柳城县
1002366,阿勒泰地区,鹿寨县
1002367,阿勒泰地区,融安县
1002368,阿勒泰地区,融水苗族自治县
1002369,阿勒泰地区,三江侗族自治县
1002370,阿勒泰地区,秀峰区
1002371,阿勒泰地区,叠彩区
1002372,阿勒泰地区,象山区
1002373,阿勒泰地区,七星区
1002374,阿勒泰地区,雁山区
1002375,阿勒泰地区,临桂区
1002376,阿勒泰地区,阳朔县
1002377,阿勒泰地区,灵川县
1002378,阿勒泰地区,全州县
1002379,阿勒泰地区,兴安县
1002380,阿勒泰地区,永福县
1002381,阿勒泰地区,灌阳县
1002382,阿勒泰地区,龙胜各族自治县
1002383,阿勒泰地区,资源县
1002384,阿勒泰地区,平乐县
1002385,阿勒泰地区,荔浦县
1002386,阿勒泰地区,恭城瑶族自治县
1002387,阿勒泰地区,万秀区
1002388,阿勒泰地区,长洲区
1002389,阿勒泰地区,龙圩区
1002390,阿勒泰地区,苍梧县
1002391,阿勒泰地区,藤县
1002392,阿勒泰地区,蒙山县
1002393,阿勒泰地区,岑溪市
1002394,阿勒泰地区,海城区
1002395,阿勒泰地区,银海区
1002396,阿勒泰地区,铁山港区
1002397,阿勒泰地区,合浦县
1002398,阿勒泰地区,港口区
1002399,阿勒泰地区,防城区
1002400,阿勒泰地区,上思县
1002401,阿勒泰地区,东兴市
1002402,阿勒泰地区,钦南区
1002403,阿勒泰地区,钦北区
1002404,阿勒泰地区,灵山县
1002405,阿勒泰地区,浦北县
1002406,阿勒泰地区,港北区
1002407,阿勒泰地区,港南区
1002408,阿勒泰地区,覃塘区
1002409,阿勒泰地区,平南县
1002410,阿勒泰地区,桂平市
1002411,阿勒泰地区,玉州区
1002412,阿勒泰地区,福绵区
1002413,阿勒泰地区,容县
1002414,阿勒泰地区,陆川县
1002415,阿勒泰地区,博白县
1002416,阿勒泰地区,兴业县
1002417,阿勒泰地区,北流市
1002418,阿勒泰地区,右江区
1002419,阿勒泰地区,田阳县
1002420,阿勒泰地区,田东县
1002421,阿勒泰地区,平果县
1002422,阿勒泰地区,德保县
1002423,阿勒泰地区,那坡县
1002424,阿勒泰地区,凌云县
1002425,阿勒泰地区,乐业县
1002426,阿勒泰地区,田林县
1002427,阿勒泰地区,西林县
1002428,阿勒泰地区,隆林各族自治县
1002429,阿勒泰地区,靖西市
1002430,阿勒泰地区,八步区
1002431,阿勒泰地区,平桂区
1002432,阿勒泰地区,昭平县
1002433,阿勒泰地区,钟山县
1002434,阿勒泰地区,富川瑶族自治县
1002435,阿勒泰地区,金城江区
1002436,阿勒泰地区,南丹县
1002437,阿勒泰地区,天峨县
1002438,阿勒泰地区,凤山县
1002439,阿勒泰地区,东兰县
1002440,阿勒泰地区,罗城仫佬族自治县
1002441,阿勒泰地区,环江毛南族自治县
1002442,阿勒泰地区,巴马瑶族自治县
1002443,阿勒泰地区,都安瑶族自治县
1002444,阿勒泰地区,大化瑶族自治县
1002445,阿勒泰地区,宜州市
1002446,阿勒泰地区,兴宾区
1002447,阿勒泰地区,忻城县
1002448,阿勒泰地区,象州县
1002449,阿勒泰地区,武宣县
1002450,阿勒泰地区,金秀瑶族自治县
1002451,阿勒泰地区,合山市
1002452,阿勒泰地区,江州区
1002453,阿勒泰地区,扶绥县
1002454,阿勒泰地区,宁明县
1002455,阿勒泰地区,龙州县
1002456,阿勒泰地区,大新县
1002457,阿勒泰地区,天等县
1002458,阿勒泰地区,凭祥市
1002459,阿勒泰地区,秀英区
1002460,阿勒泰地区,龙华区
1002461,阿勒泰地区,琼山区
1002462,阿勒泰地区,美兰区
1002463,阿勒泰地区,海棠区
1002464,阿勒泰地区,吉阳区
1002465,阿勒泰地区,天涯区
1002466,阿勒泰地区,崖州区
1002467,阿勒泰地区,五指山市
1002468,阿勒泰地区,琼海市
1002469,阿勒泰地区,文昌市
1002470,阿勒泰地区,万宁市
1002471,阿勒泰地区,东方市
1002472,阿勒泰地区,定安县
1002473,阿勒泰地区,屯昌县
1002474,阿勒泰地区,澄迈县
1002475,阿勒泰地区,临高县
1002476,阿勒泰地区,白沙黎族自治县
1002477,阿勒泰地区,昌江黎族自治县
1002478,阿勒泰地区,乐东黎族自治县
1002479,阿勒泰地区,陵水黎族自治县
1002480,阿勒泰地区,保亭黎族苗族自治县
1002481,阿勒泰地区,琼中黎族苗族自治县
1002482,阿勒泰地区,万州区
1002483,阿勒泰地区,涪陵区
1002484,阿勒泰地区,渝中区
1002485,阿勒泰地区,大渡口区
1002486,阿勒泰地区,江北区
1002487,阿勒泰地区,沙坪坝区
1002488,阿勒泰地区,九龙坡区
1002489,阿勒泰地区,南岸区
1002490,阿勒泰地区,北碚区
1002491,阿勒泰地区,綦江区
1002492,阿勒泰地区,大足区
1002493,阿勒泰地区,渝北区
1002494,阿勒泰地区,巴南区
1002495,阿勒泰地区,黔江区
1002496,阿勒泰地区,长寿区
1002497,阿勒泰地区,江津区
1002498,阿勒泰地区,合川区
1002499,阿勒泰地区,永川区
1002500,阿勒泰地区,南川区
1002501,阿勒泰地区,璧山区
1002502,阿勒泰地区,铜梁区
1002503,阿勒泰地区,潼南区
1002504,阿勒泰地区,荣昌区
1002505,阿勒泰地区,开州区
1002506,阿勒泰地区,梁平县
1002507,阿勒泰地区,城口县
1002508,阿勒泰地区,丰都县
1002509,阿勒泰地区,垫江县
1002510,阿勒泰地区,武隆县
1002511,阿勒泰地区,忠县
1002512,阿勒泰地区,云阳县
1002513,阿勒泰地区,奉节县
1002514,阿勒泰地区,巫山县
1002515,阿勒泰地区,巫溪县
1002516,阿勒泰地区,石柱土家族自治县
1002517,阿勒泰地区,秀山土家族苗族自治县
1002518,阿勒泰地区,酉阳土家族苗族自治县
1002519,阿勒泰地区,彭水苗族土家族自治县
1002520,阿勒泰地区,锦江区
1002521,阿勒泰地区,青羊区
1002522,阿勒泰地区,金牛区
1002523,阿勒泰地区,武侯区
1002524,阿勒泰地区,成华区
1002525,阿勒泰地区,龙泉驿区
1002526,阿勒泰地区,青白江区
1002527,阿勒泰地区,新都区
1002528,阿勒泰地区,温江区
1002529,阿勒泰地区,双流区
1002530,阿勒泰地区,金堂县
1002531,阿勒泰地区,郫县
1002532,阿勒泰地区,大邑县
1002533,阿勒泰地区,蒲江县
1002534,阿勒泰地区,新津县
1002535,阿勒泰地区,都江堰市
1002536,阿勒泰地区,彭州市
1002537,阿勒泰地区,邛崃市
1002538,阿勒泰地区,崇州市
1002539,阿勒泰地区,简阳市
1002540,阿勒泰地区,自流井区
1002541,阿勒泰地区,贡井区
1002542,阿勒泰地区,大安区
1002543,阿勒泰地区,沿滩区
1002544,阿勒泰地区,荣县
1002545,阿勒泰地区,富顺县
1002546,阿勒泰地区,东区
1002547,阿勒泰地区,西区
1002548,阿勒泰地区,仁和区
1002549,阿勒泰地区,米易县
1002550,阿勒泰地区,盐边县
1002551,阿勒泰地区,江阳区
1002552,阿勒泰地区,纳溪区
1002553,阿勒泰地区,龙马潭区
1002554,阿勒泰地区,泸县
1002555,阿勒泰地区,合江县
1002556,阿勒泰地区,叙永县
1002557,阿勒泰地区,古蔺县
1002558,阿勒泰地区,旌阳区
1002559,阿勒泰地区,中江县
1002560,阿勒泰地区,罗江县
1002561,阿勒泰地区,广汉市
1002562,阿勒泰地区,什邡市
1002563,阿勒泰地区,绵竹市
1002564,阿勒泰地区,涪城区
1002565,阿勒泰地区,游仙区
1002566,阿勒泰地区,安州区
1002567,阿勒泰地区,三台县
1002568,阿勒泰地区,盐亭县
1002569,阿勒泰地区,梓潼县
1002570,阿勒泰地区,北川羌族自治县
1002571,阿勒泰地区,平武县
1002572,阿勒泰地区,江油市
1002573,阿勒泰地区,利州区
1002574,阿勒泰地区,昭化区
1002575,阿勒泰地区,朝天区
1002576,阿勒泰地区,旺苍县
1002577,阿勒泰地区,青川县
1002578,阿勒泰地区,剑阁县
1002579,阿勒泰地区,苍溪县
1002580,阿勒泰地区,船山区
1002581,阿勒泰地区,安居区
1002582,阿勒泰地区,蓬溪县
1002583,阿勒泰地区,射洪县
1002584,阿勒泰地区,大英县
1002585,阿勒泰地区,市中区
1002586,阿勒泰地区,东兴区
1002587,阿勒泰地区,威远县
1002588,阿勒泰地区,资中县
1002589,阿勒泰地区,隆昌县
1002590,阿勒泰地区,市中区
1002591,阿勒泰地区,沙湾区
1002592,阿勒泰地区,五通桥区
1002593,阿勒泰地区,金口河区
1002594,阿勒泰地区,犍为县
1002595,阿勒泰地区,井研县
1002596,阿勒泰地区,夹江县
1002597,阿勒泰地区,沐川县
1002598,阿勒泰地区,峨边彝族自治县
1002599,阿勒泰地区,马边彝族自治县
1002600,阿勒泰地区,峨眉山市
1002601,阿勒泰地区,顺庆区
1002602,阿勒泰地区,高坪区
1002603,阿勒泰地区,嘉陵区
1002604,阿勒泰地区,南部县
1002605,阿勒泰地区,营山县
1002606,阿勒泰地区,蓬安县
1002607,阿勒泰地区,仪陇县
1002608,阿勒泰地区,西充县
1002609,阿勒泰地区,阆中市
1002610,阿勒泰地区,东坡区
1002611,阿勒泰地区,彭山区
1002612,阿勒泰地区,仁寿县
1002613,阿勒泰地区,洪雅县
1002614,阿勒泰地区,丹棱县
1002615,阿勒泰地区,青神县
1002616,阿勒泰地区,翠屏区
1002617,阿勒泰地区,南溪区
1002618,阿勒泰地区,宜宾县
1002619,阿勒泰地区,江安县
1002620,阿勒泰地区,长宁县
1002621,阿勒泰地区,高县
1002622,阿勒泰地区,珙县
1002623,阿勒泰地区,筠连县
1002624,阿勒泰地区,兴文县
1002625,阿勒泰地区,屏山县
1002626,阿勒泰地区,广安区
1002627,阿勒泰地区,前锋区
1002628,阿勒泰地区,岳池县
1002629,阿勒泰地区,武胜县
1002630,阿勒泰地区,邻水县
1002631,阿勒泰地区,华蓥市
1002632,阿勒泰地区,通川区
1002633,阿勒泰地区,达川区
1002634,阿勒泰地区,宣汉县
1002635,阿勒泰地区,开江县
1002636,阿勒泰地区,大竹县
1002637,阿勒泰地区,渠县
1002638,阿勒泰地区,万源市
1002639,阿勒泰地区,雨城区
1002640,阿勒泰地区,名山区
1002641,阿勒泰地区,荥经县
1002642,阿勒泰地区,汉源县
1002643,阿勒泰地区,石棉县
1002644,阿勒泰地区,天全县
1002645,阿勒泰地区,芦山县
1002646,阿勒泰地区,宝兴县
1002647,阿勒泰地区,巴州区
1002648,阿勒泰地区,恩阳区
1002649,阿勒泰地区,通江县
1002650,阿勒泰地区,南江县
1002651,阿勒泰地区,平昌县
1002652,阿勒泰地区,雁江区
1002653,阿勒泰地区,安岳县
1002654,阿勒泰地区,乐至县
1002655,阿勒泰地区,马尔康市
1002656,阿勒泰地区,汶川县
1002657,阿勒泰地区,理县
1002658,阿勒泰地区,茂县
1002659,阿勒泰地区,松潘县
1002660,阿勒泰地区,九寨沟县
1002661,阿勒泰地区,金川县
1002662,阿勒泰地区,小金县
1002663,阿勒泰地区,黑水县
1002664,阿勒泰地区,壤塘县
1002665,阿勒泰地区,阿坝县
1002666,阿勒泰地区,若尔盖县
1002667,阿勒泰地区,红原县
1002668,阿勒泰地区,康定市
1002669,阿勒泰地区,泸定县
1002670,阿勒泰地区,丹巴县
1002671,阿勒泰地区,九龙县
1002672,阿勒泰地区,雅江县
1002673,阿勒泰地区,道孚县
1002674,阿勒泰地区,炉霍县
1002675,阿勒泰地区,甘孜县
1002676,阿勒泰地区,新龙县
1002677,阿勒泰地区,德格县
1002678,阿勒泰地区,白玉县
1002679,阿勒泰地区,石渠县
1002680,阿勒泰地区,色达县
1002681,阿勒泰地区,理塘县
1002682,阿勒泰地区,巴塘县
1002683,阿勒泰地区,乡城县
1002684,阿勒泰地区,稻城县
1002685,阿勒泰地区,得荣县
1002686,阿勒泰地区,西昌市
1002687,阿勒泰地区,木里藏族自治县
1002688,阿勒泰地区,盐源县
1002689,阿勒泰地区,德昌县
1002690,阿勒泰地区,会理县
1002691,阿勒泰地区,会东县
1002692,阿勒泰地区,宁南县
1002693,阿勒泰地区,普格县
1002694,阿勒泰地区,布拖县
1002695,阿勒泰地区,金阳县
1002696,阿勒泰地区,昭觉县
1002697,阿勒泰地区,喜德县
1002698,阿勒泰地区,冕宁县
1002699,阿勒泰地区,越西县
1002700,阿勒泰地区,甘洛县
1002701,阿勒泰地区,美姑县
1002702,阿勒泰地区,雷波县
1002703,阿勒泰地区,南明区
1002704,阿勒泰地区,云岩区
1002705,阿勒泰地区,花溪区
1002706,阿勒泰地区,乌当区
1002707,阿勒泰地区,白云区
1002708,阿勒泰地区,观山湖区
1002709,阿勒泰地区,开阳县
1002710,阿勒泰地区,息烽县
1002711,阿勒泰地区,修文县
1002712,阿勒泰地区,清镇市
1002713,阿勒泰地区,钟山区
1002714,阿勒泰地区,六枝特区
1002715,阿勒泰地区,水城县
1002716,阿勒泰地区,盘县
1002717,阿勒泰地区,红花岗区
1002718,阿勒泰地区,汇川区
1002719,阿勒泰地区,播州区
1002720,阿勒泰地区,桐梓县
1002721,阿勒泰地区,绥阳县
1002722,阿勒泰地区,正安县
1002723,阿勒泰地区,道真仡佬族苗族自治县
1002724,阿勒泰地区,务川仡佬族苗族自治县
1002725,阿勒泰地区,凤冈县
1002726,阿勒泰地区,湄潭县
1002727,阿勒泰地区,余庆县
1002728,阿勒泰地区,习水县
1002729,阿勒泰地区,赤水市
1002730,阿勒泰地区,仁怀市
1002731,阿勒泰地区,西秀区
1002732,阿勒泰地区,平坝区
1002733,阿勒泰地区,普定县
1002734,阿勒泰地区,镇宁布依族苗族自治县
1002735,阿勒泰地区,关岭布依族苗族自治县
1002736,阿勒泰地区,紫云苗族布依族自治县
1002737,阿勒泰地区,七星关区
1002738,阿勒泰地区,大方县
1002739,阿勒泰地区,黔西县
1002740,阿勒泰地区,金沙县
1002741,阿勒泰地区,织金县
1002742,阿勒泰地区,纳雍县
1002743,阿勒泰地区,威宁彝族回族苗族自治县
1002744,阿勒泰地区,赫章县
1002745,阿勒泰地区,碧江区
1002746,阿勒泰地区,万山区
1002747,阿勒泰地区,江口县
1002748,阿勒泰地区,玉屏侗族自治县
1002749,阿勒泰地区,石阡县
1002750,阿勒泰地区,思南县
1002751,阿勒泰地区,印江土家族苗族自治县
1002752,阿勒泰地区,德江县
1002753,阿勒泰地区,沿河土家族自治县
1002754,阿勒泰地区,松桃苗族自治县
1002755,阿勒泰地区,兴义市
1002756,阿勒泰地区,兴仁县
1002757,阿勒泰地区,普安县
1002758,阿勒泰地区,晴隆县
1002759,阿勒泰地区,贞丰县
1002760,阿勒泰地区,望谟县
1002761,阿勒泰地区,册亨县
1002762,阿勒泰地区,安龙县
1002763,阿勒泰地区,凯里市
1002764,阿勒泰地区,黄平县
1002765,阿勒泰地区,施秉县
1002766,阿勒泰地区,三穗县
1002767,阿勒泰地区,镇远县
1002768,阿勒泰地区,岑巩县
1002769,阿勒泰地区,天柱县
1002770,阿勒泰地区,锦屏县
1002771,阿勒泰地区,剑河县
1002772,阿勒泰地区,台江县
1002773,阿勒泰地区,黎平县
1002774,阿勒泰地区,榕江县
1002775,阿勒泰地区,从江县
1002776,阿勒泰地区,雷山县
1002777,阿勒泰地区,麻江县
1002778,阿勒泰地区,丹寨县
1002779,阿勒泰地区,都匀市
1002780,阿勒泰地区,福泉市
1002781,阿勒泰地区,荔波县
1002782,阿勒泰地区,贵定县
1002783,阿勒泰地区,瓮安县
1002784,阿勒泰地区,独山县
1002785,阿勒泰地区,平塘县
1002786,阿勒泰地区,罗甸县
1002787,阿勒泰地区,长顺县
1002788,阿勒泰地区,龙里县
1002789,阿勒泰地区,惠水县
1002790,阿勒泰地区,三都水族自治县
1002791,阿勒泰地区,五华区
1002792,阿勒泰地区,盘龙区
1002793,阿勒泰地区,官渡区
1002794,阿勒泰地区,西山区
1002795,阿勒泰地区,东川区
1002796,阿勒泰地区,呈贡区
1002797,阿勒泰地区,晋宁县
1002798,阿勒泰地区,富民县
1002799,阿勒泰地区,宜良县
1002800,阿勒泰地区,石林彝族自治县
1002801,阿勒泰地区,嵩明县
1002802,阿勒泰地区,禄劝彝族苗族自治县
1002803,阿勒泰地区,寻甸回族彝族自治县
1002804,阿勒泰地区,安宁市
1002805,阿勒泰地区,麒麟区
1002806,阿勒泰地区,沾益区
1002807,阿勒泰地区,马龙县
1002808,阿勒泰地区,陆良县
1002809,阿勒泰地区,师宗县
1002810,阿勒泰地区,罗平县
1002811,阿勒泰地区,富源县
1002812,阿勒泰地区,会泽县
1002813,阿勒泰地区,宣威市
1002814,阿勒泰地区,红塔区
1002815,阿勒泰地区,江川区
1002816,阿勒泰地区,澄江县
1002817,阿勒泰地区,通海县
1002818,阿勒泰地区,华宁县
1002819,阿勒泰地区,易门县
1002820,阿勒泰地区,峨山彝族自治县
1002821,阿勒泰地区,新平彝族傣族自治县
1002822,阿勒泰地区,元江哈尼族彝族傣族自治县
1002823,阿勒泰地区,隆阳区
1002824,阿勒泰地区,施甸县
1002825,阿勒泰地区,龙陵县
1002826,阿勒泰地区,昌宁县
1002827,阿勒泰地区,腾冲市
1002828,阿勒泰地区,昭阳区
1002829,阿勒泰地区,鲁甸县
1002830,阿勒泰地区,巧家县
1002831,阿勒泰地区,盐津县
1002832,阿勒泰地区,大关县
1002833,阿勒泰地区,永善县
1002834,阿勒泰地区,绥江县
1002835,阿勒泰地区,镇雄县
1002836,阿勒泰地区,彝良县
1002837,阿勒泰地区,威信县
1002838,阿勒泰地区,水富县
1002839,阿勒泰地区,古城区
1002840,阿勒泰地区,玉龙纳西族自治县
1002841,阿勒泰地区,永胜县
1002842,阿勒泰地区,华坪县
1002843,阿勒泰地区,宁蒗彝族自治县
1002844,阿勒泰地区,思茅区
1002845,阿勒泰地区,宁洱哈尼族彝族自治县
1002846,阿勒泰地区,墨江哈尼族自治县
1002847,阿勒泰地区,景东彝族自治县
1002848,阿勒泰地区,景谷傣族彝族自治县
1002849,阿勒泰地区,镇沅彝族哈尼族拉祜族自治县
1002850,阿勒泰地区,江城哈尼族彝族自治县
1002851,阿勒泰地区,孟连傣族拉祜族佤族自治县
1002852,阿勒泰地区,澜沧拉祜族自治县
1002853,阿勒泰地区,西盟佤族自治县
1002854,阿勒泰地区,临翔区
1002855,阿勒泰地区,凤庆县
1002856,阿勒泰地区,云县
1002857,阿勒泰地区,永德县
1002858,阿勒泰地区,镇康县
1002859,阿勒泰地区,双江拉祜族佤族布朗族傣族自治县
1002860,阿勒泰地区,耿马傣族佤族自治县
1002861,阿勒泰地区,沧源佤族自治县
1002862,阿勒泰地区,楚雄市
1002863,阿勒泰地区,双柏县
1002864,阿勒泰地区,牟定县
1002865,阿勒泰地区,南华县
1002866,阿勒泰地区,姚安县
1002867,阿勒泰地区,大姚县
1002868,阿勒泰地区,永仁县
1002869,阿勒泰地区,元谋县
1002870,阿勒泰地区,武定县
1002871,阿勒泰地区,禄丰县
1002872,阿勒泰地区,个旧市
1002873,阿勒泰地区,开远市
1002874,阿勒泰地区,蒙自市
1002875,阿勒泰地区,弥勒市
1002876,阿勒泰地区,屏边苗族自治县
1002877,阿勒泰地区,建水县
1002878,阿勒泰地区,石屏县
1002879,阿勒泰地区,泸西县
1002880,阿勒泰地区,元阳县
1002881,阿勒泰地区,红河县
1002882,阿勒泰地区,金平苗族瑶族傣族自治县
1002883,阿勒泰地区,绿春县
1002884,阿勒泰地区,河口瑶族自治县
1002885,阿勒泰地区,文山市
1002886,阿勒泰地区,砚山县
1002887,阿勒泰地区,西畴县
1002888,阿勒泰地区,麻栗坡县
1002889,阿勒泰地区,马关县
1002890,阿勒泰地区,丘北县
1002891,阿勒泰地区,广南县
1002892,阿勒泰地区,富宁县
1002893,阿勒泰地区,景洪市
1002894,阿勒泰地区,勐海县
1002895,阿勒泰地区,勐腊县
1002896,阿勒泰地区,大理市
1002897,阿勒泰地区,漾濞彝族自治县
1002898,阿勒泰地区,祥云县
1002899,阿勒泰地区,宾川县
1002900,阿勒泰地区,弥渡县
1002901,阿勒泰地区,南涧彝族自治县
1002902,阿勒泰地区,巍山彝族回族自治县
1002903,阿勒泰地区,永平县
1002904,阿勒泰地区,云龙县
1002905,阿勒泰地区,洱源县
1002906,阿勒泰地区,剑川县
1002907,阿勒泰地区,鹤庆县
1002908,阿勒泰地区,瑞丽市
1002909,阿勒泰地区,芒市
1002910,阿勒泰地区,梁河县
1002911,阿勒泰地区,盈江县
1002912,阿勒泰地区,陇川县
1002913,阿勒泰地区,泸水市
1002914,阿勒泰地区,福贡县
1002915,阿勒泰地区,贡山独龙族怒族自治县
1002916,阿勒泰地区,兰坪白族普米族自治县
1002917,阿勒泰地区,香格里拉市
1002918,阿勒泰地区,德钦县
1002919,阿勒泰地区,维西傈僳族自治县
1002920,阿勒泰地区,城关区
1002921,阿勒泰地区,堆龙德庆区
1002922,阿勒泰地区,林周县
1002923,阿勒泰地区,当雄县
1002924,阿勒泰地区,尼木县
1002925,阿勒泰地区,曲水县
1002926,阿勒泰地区,达孜县
1002927,阿勒泰地区,墨竹工卡县
1002928,阿勒泰地区,桑珠孜区
1002929,阿勒泰地区,南木林县
1002930,阿勒泰地区,江孜县
1002931,阿勒泰地区,定日县
1002932,阿勒泰地区,萨迦县
1002933,阿勒泰地区,拉孜县
1002934,阿勒泰地区,昂仁县
1002935,阿勒泰地区,谢通门县
1002936,阿勒泰地区,白朗县
1002937,阿勒泰地区,仁布县
1002938,阿勒泰地区,康马县
1002939,阿勒泰地区,定结县
1002940,阿勒泰地区,仲巴县
1002941,阿勒泰地区,亚东县
1002942,阿勒泰地区,吉隆县
1002943,阿勒泰地区,聂拉木县
1002944,阿勒泰地区,萨嘎县
1002945,阿勒泰地区,岗巴县
1002946,阿勒泰地区,卡若区
1002947,阿勒泰地区,江达县
1002948,阿勒泰地区,贡觉县
1002949,阿勒泰地区,类乌齐县
1002950,阿勒泰地区,丁青县
1002951,阿勒泰地区,察雅县
1002952,阿勒泰地区,八宿县
1002953,阿勒泰地区,左贡县
1002954,阿勒泰地区,芒康县
1002955,阿勒泰地区,洛隆县
1002956,阿勒泰地区,边坝县
1002957,阿勒泰地区,巴宜区
1002958,阿勒泰地区,工布江达县
1002959,阿勒泰地区,米林县
1002960,阿勒泰地区,墨脱县
1002961,阿勒泰地区,波密县
1002962,阿勒泰地区,察隅县
1002963,阿勒泰地区,朗县
1002964,阿勒泰地区,乃东区
1002965,阿勒泰地区,扎囊县
1002966,阿勒泰地区,贡嘎县
1002967,阿勒泰地区,桑日县
1002968,阿勒泰地区,琼结县
1002969,阿勒泰地区,曲松县
1002970,阿勒泰地区,措美县
1002971,阿勒泰地区,洛扎县
1002972,阿勒泰地区,加查县
1002973,阿勒泰地区,隆子县
1002974,阿勒泰地区,错那县
1002975,阿勒泰地区,浪卡子县
1002976,阿勒泰地区,那曲县
1002977,阿勒泰地区,嘉黎县
1002978,阿勒泰地区,比如县
1002979,阿勒泰地区,聂荣县
1002980,阿勒泰地区,安多县
1002981,阿勒泰地区,申扎县
1002982,阿勒泰地区,索县
1002983,阿勒泰地区,班戈县
1002984,阿勒泰地区,巴青县
1002985,阿勒泰地区,尼玛县
1002986,阿勒泰地区,双湖县
1002987,阿勒泰地区,普兰县
1002988,阿勒泰地区,札达县
1002989,阿勒泰地区,噶尔县
1002990,阿勒泰地区,日土县
1002991,阿勒泰地区,革吉县
1002992,阿勒泰地区,改则县
1002993,阿勒泰地区,措勤县
1002994,阿勒泰地区,新城区
1002995,阿勒泰地区,碑林区
1002996,阿勒泰地区,莲湖区
1002997,阿勒泰地区,灞桥区
1002998,阿勒泰地区,未央区
1002999,阿勒泰地区,雁塔区
1003000,阿勒泰地区,阎良区
1003001,阿勒泰地区,临潼区
1003002,阿勒泰地区,长安区
1003003,阿勒泰地区,高陵区
1003004,阿勒泰地区,蓝田县
1003005,阿勒泰地区,周至县
1003006,阿勒泰地区,户县
1003007,阿勒泰地区,王益区
1003008,阿勒泰地区,印台区
1003009,阿勒泰地区,耀州区
1003010,阿勒泰地区,宜君县
1003011,阿勒泰地区,渭滨区
1003012,阿勒泰地区,金台区
1003013,阿勒泰地区,陈仓区
1003014,阿勒泰地区,凤翔县
1003015,阿勒泰地区,岐山县
1003016,阿勒泰地区,扶风县
1003017,阿勒泰地区,眉县
1003018,阿勒泰地区,陇县
1003019,阿勒泰地区,千阳县
1003020,阿勒泰地区,麟游县
1003021,阿勒泰地区,凤县
1003022,阿勒泰地区,太白县
1003023,阿勒泰地区,秦都区
1003024,阿勒泰地区,杨陵区
1003025,阿勒泰地区,渭城区
1003026,阿勒泰地区,三原县
1003027,阿勒泰地区,泾阳县
1003028,阿勒泰地区,乾县
1003029,阿勒泰地区,礼泉县
1003030,阿勒泰地区,永寿县
1003031,阿勒泰地区,彬县
1003032,阿勒泰地区,长武县
1003033,阿勒泰地区,旬邑县
1003034,阿勒泰地区,淳化县
1003035,阿勒泰地区,武功县
1003036,阿勒泰地区,兴平市
1003037,阿勒泰地区,临渭区
1003038,阿勒泰地区,华州区
1003039,阿勒泰地区,潼关县
1003040,阿勒泰地区,大荔县
1003041,阿勒泰地区,合阳县
1003042,阿勒泰地区,澄城县
1003043,阿勒泰地区,蒲城县
1003044,阿勒泰地区,白水县
1003045,阿勒泰地区,富平县
1003046,阿勒泰地区,韩城市
1003047,阿勒泰地区,华阴市
1003048,阿勒泰地区,宝塔区
1003049,阿勒泰地区,安塞区
1003050,阿勒泰地区,延长县
1003051,阿勒泰地区,延川县
1003052,阿勒泰地区,子长县
1003053,阿勒泰地区,志丹县
1003054,阿勒泰地区,吴起县
1003055,阿勒泰地区,甘泉县
1003056,阿勒泰地区,富县
1003057,阿勒泰地区,洛川县
1003058,阿勒泰地区,宜川县
1003059,阿勒泰地区,黄龙县
1003060,阿勒泰地区,黄陵县
1003061,阿勒泰地区,汉台区
1003062,阿勒泰地区,南郑县
1003063,阿勒泰地区,城固县
1003064,阿勒泰地区,洋县
1003065,阿勒泰地区,西乡县
1003066,阿勒泰地区,勉县
1003067,阿勒泰地区,宁强县
1003068,阿勒泰地区,略阳县
1003069,阿勒泰地区,镇巴县
1003070,阿勒泰地区,留坝县
1003071,阿勒泰地区,佛坪县
1003072,阿勒泰地区,榆阳区
1003073,阿勒泰地区,横山区
1003074,阿勒泰地区,神木县
1003075,阿勒泰地区,府谷县
1003076,阿勒泰地区,靖边县
1003077,阿勒泰地区,定边县
1003078,阿勒泰地区,绥德县
1003079,阿勒泰地区,米脂县
1003080,阿勒泰地区,佳县
1003081,阿勒泰地区,吴堡县
1003082,阿勒泰地区,清涧县
1003083,阿勒泰地区,子洲县
1003084,阿勒泰地区,汉滨区
1003085,阿勒泰地区,汉阴县
1003086,阿勒泰地区,石泉县
1003087,阿勒泰地区,宁陕县
1003088,阿勒泰地区,紫阳县
1003089,阿勒泰地区,岚皋县
1003090,阿勒泰地区,平利县
1003091,阿勒泰地区,镇坪县
1003092,阿勒泰地区,旬阳县
1003093,阿勒泰地区,白河县
1003094,阿勒泰地区,商州区
1003095,阿勒泰地区,洛南县
1003096,阿勒泰地区,丹凤县
1003097,阿勒泰地区,商南县
1003098,阿勒泰地区,山阳县
1003099,阿勒泰地区,镇安县
1003100,阿勒泰地区,柞水县
1003101,阿勒泰地区,城关区
1003102,阿勒泰地区,七里河区
1003103,阿勒泰地区,西固区
1003104,阿勒泰地区,安宁区
1003105,阿勒泰地区,红古区
1003106,阿勒泰地区,永登县
1003107,阿勒泰地区,皋兰县
1003108,阿勒泰地区,榆中县
1003109,阿勒泰地区,金川区
1003110,阿勒泰地区,永昌县
1003111,阿勒泰地区,白银区
1003112,阿勒泰地区,平川区
1003113,阿勒泰地区,靖远县
1003114,阿勒泰地区,会宁县
1003115,阿勒泰地区,景泰县
1003116,阿勒泰地区,秦州区
1003117,阿勒泰地区,麦积区
1003118,阿勒泰地区,清水县
1003119,阿勒泰地区,秦安县
1003120,阿勒泰地区,甘谷县
1003121,阿勒泰地区,武山县
1003122,阿勒泰地区,张家川回族自治县
1003123,阿勒泰地区,凉州区
1003124,阿勒泰地区,民勤县
1003125,阿勒泰地区,古浪县
1003126,阿勒泰地区,天祝藏族自治县
1003127,阿勒泰地区,甘州区
1003128,阿勒泰地区,肃南裕固族自治县
1003129,阿勒泰地区,民乐县
1003130,阿勒泰地区,临泽县
1003131,阿勒泰地区,高台县
1003132,阿勒泰地区,山丹县
1003133,阿勒泰地区,崆峒区
1003134,阿勒泰地区,泾川县
1003135,阿勒泰地区,灵台县
1003136,阿勒泰地区,崇信县
1003137,阿勒泰地区,华亭县
1003138,阿勒泰地区,庄浪县
1003139,阿勒泰地区,静宁县
1003140,阿勒泰地区,肃州区
1003141,阿勒泰地区,金塔县
1003142,阿勒泰地区,瓜州县
1003143,阿勒泰地区,肃北蒙古族自治县
1003144,阿勒泰地区,阿克塞哈萨克族自治县
1003145,阿勒泰地区,玉门市
1003146,阿勒泰地区,敦煌市
1003147,阿勒泰地区,西峰区
1003148,阿勒泰地区,庆城县
1003149,阿勒泰地区,环县
1003150,阿勒泰地区,华池县
1003151,阿勒泰地区,合水县
1003152,阿勒泰地区,正宁县
1003153,阿勒泰地区,宁县
1003154,阿勒泰地区,镇原县
1003155,阿勒泰地区,安定区
1003156,阿勒泰地区,通渭县
1003157,阿勒泰地区,陇西县
1003158,阿勒泰地区,渭源县
1003159,阿勒泰地区,临洮县
1003160,阿勒泰地区,漳县
1003161,阿勒泰地区,岷县
1003162,阿勒泰地区,武都区
1003163,阿勒泰地区,成县
1003164,阿勒泰地区,文县
1003165,阿勒泰地区,宕昌县
1003166,阿勒泰地区,康县
1003167,阿勒泰地区,西和县
1003168,阿勒泰地区,礼县
1003169,阿勒泰地区,徽县
1003170,阿勒泰地区,两当县
1003171,阿勒泰地区,临夏市
1003172,阿勒泰地区,临夏县
1003173,阿勒泰地区,康乐县
1003174,阿勒泰地区,永靖县
1003175,阿勒泰地区,广河县
1003176,阿勒泰地区,和政县
1003177,阿勒泰地区,东乡族自治县
1003178,阿勒泰地区,积石山保安族东乡族撒拉族自治县
1003179,阿勒泰地区,合作市
1003180,阿勒泰地区,临潭县
1003181,阿勒泰地区,卓尼县
1003182,阿勒泰地区,舟曲县
1003183,阿勒泰地区,迭部县
1003184,阿勒泰地区,玛曲县
1003185,阿勒泰地区,碌曲县
1003186,阿勒泰地区,夏河县
1003187,阿勒泰地区,城东区
1003188,阿勒泰地区,城中区
1003189,阿勒泰地区,城西区
1003190,阿勒泰地区,城北区
1003191,阿勒泰地区,大通回族土族自治县
1003192,阿勒泰地区,湟中县
1003193,阿勒泰地区,湟源县
1003194,阿勒泰地区,乐都区
1003195,阿勒泰地区,平安区
1003196,阿勒泰地区,民和回族土族自治县
1003197,阿勒泰地区,互助土族自治县
1003198,阿勒泰地区,化隆回族自治县
1003199,阿勒泰地区,循化撒拉族自治县
1003200,阿勒泰地区,门源回族自治县
1003201,阿勒泰地区,祁连县
1003202,阿勒泰地区,海晏县
1003203,阿勒泰地区,刚察县
1003204,阿勒泰地区,同仁县
1003205,阿勒泰地区,尖扎县
1003206,阿勒泰地区,泽库县
1003207,阿勒泰地区,河南蒙古族自治县
1003208,阿勒泰地区,共和县
1003209,阿勒泰地区,同德县
1003210,阿勒泰地区,贵德县
1003211,阿勒泰地区,兴海县
1003212,阿勒泰地区,贵南县
1003213,阿勒泰地区,玛沁县
1003214,阿勒泰地区,班玛县
1003215,阿勒泰地区,甘德县
1003216,阿勒泰地区,达日县
1003217,阿勒泰地区,久治县
1003218,阿勒泰地区,玛多县
1003219,阿勒泰地区,玉树市
1003220,阿勒泰地区,杂多县
1003221,阿勒泰地区,称多县
1003222,阿勒泰地区,治多县
1003223,阿勒泰地区,囊谦县
1003224,阿勒泰地区,曲麻莱县
1003225,阿勒泰地区,格尔木市
1003226,阿勒泰地区,德令哈市
1003227,阿勒泰地区,乌兰县
1003228,阿勒泰地区,都兰县
1003229,阿勒泰地区,天峻县
1003230,阿勒泰地区,兴庆区
1003231,阿勒泰地区,西夏区
1003232,阿勒泰地区,金凤区
1003233,阿勒泰地区,永宁县
1003234,阿勒泰地区,贺兰县
1003235,阿勒泰地区,灵武市
1003236,阿勒泰地区,大武口区
1003237,阿勒泰地区,惠农区
1003238,阿勒泰地区,平罗县
1003239,阿勒泰地区,利通区
1003240,阿勒泰地区,红寺堡区
1003241,阿勒泰地区,盐池县
1003242,阿勒泰地区,同心县
1003243,阿勒泰地区,青铜峡市
1003244,阿勒泰地区,原州区
1003245,阿勒泰地区,西吉县
1003246,阿勒泰地区,隆德县
1003247,阿勒泰地区,泾源县
1003248,阿勒泰地区,彭阳县
1003249,阿勒泰地区,沙坡头区
1003250,阿勒泰地区,中宁县
1003251,阿勒泰地区,海原县
1003252,阿勒泰地区,天山区
1003253,阿勒泰地区,沙依巴克区
1003254,阿勒泰地区,新市区
1003255,阿勒泰地区,水磨沟区
1003256,阿勒泰地区,头屯河区
1003257,阿勒泰地区,达坂城区
1003258,阿勒泰地区,米东区
1003259,阿勒泰地区,乌鲁木齐县
1003260,阿勒泰地区,独山子区
1003261,阿勒泰地区,克拉玛依区
1003262,阿勒泰地区,白碱滩区
1003263,阿勒泰地区,乌尔禾区
1003264,阿勒泰地区,高昌区
1003265,阿勒泰地区,鄯善县
1003266,阿勒泰地区,托克逊县
1003267,阿勒泰地区,伊州区
1003268,阿勒泰地区,巴里坤哈萨克自治县
1003269,阿勒泰地区,伊吾县
1003270,阿勒泰地区,昌吉市
1003271,阿勒泰地区,阜康市
1003272,阿勒泰地区,呼图壁县
1003273,阿勒泰地区,玛纳斯县
1003274,阿勒泰地区,奇台县
1003275,阿勒泰地区,吉木萨尔县
1003276,阿勒泰地区,木垒哈萨克自治县
1003277,阿勒泰地区,博乐市
1003278,阿勒泰地区,阿拉山口市
1003279,阿勒泰地区,精河县
1003280,阿勒泰地区,温泉县
1003281,阿勒泰地区,库尔勒市
1003282,阿勒泰地区,轮台县
1003283,阿勒泰地区,尉犁县
1003284,阿勒泰地区,若羌县
1003285,阿勒泰地区,且末县
1003286,阿勒泰地区,焉耆回族自治县
1003287,阿勒泰地区,和静县
1003288,阿勒泰地区,和硕县
1003289,阿勒泰地区,博湖县
1003290,阿勒泰地区,阿克苏市
1003291,阿勒泰地区,温宿县
1003292,阿勒泰地区,库车县
1003293,阿勒泰地区,沙雅县
1003294,阿勒泰地区,新和县
1003295,阿勒泰地区,拜城县
1003296,阿勒泰地区,乌什县
1003297,阿勒泰地区,阿瓦提县
1003298,阿勒泰地区,柯坪县
1003299,阿勒泰地区,阿图什市
1003300,阿勒泰地区,阿克陶县
1003301,阿勒泰地区,阿合奇县
1003302,阿勒泰地区,乌恰县
1003303,阿勒泰地区,喀什市
1003304,阿勒泰地区,疏附县
1003305,阿勒泰地区,疏勒县
1003306,阿勒泰地区,英吉沙县
1003307,阿勒泰地区,泽普县
1003308,阿勒泰地区,莎车县
1003309,阿勒泰地区,叶城县
1003310,阿勒泰地区,麦盖提县
1003311,阿勒泰地区,岳普湖县
1003312,阿勒泰地区,伽师县
1003313,阿勒泰地区,巴楚县
1003314,阿勒泰地区,塔什库尔干塔吉克自治县
1003315,阿勒泰地区,和田市
1003316,阿勒泰地区,和田县
1003317,阿勒泰地区,墨玉县
1003318,阿勒泰地区,皮山县
1003319,阿勒泰地区,洛浦县
1003320,阿勒泰地区,策勒县
1003321,阿勒泰地区,于田县
1003322,阿勒泰地区,民丰县
1003323,阿勒泰地区,伊宁市
1003324,阿勒泰地区,奎屯市
1003325,阿勒泰地区,霍尔果斯市
1003326,阿勒泰地区,伊宁县
1003327,阿勒泰地区,察布查尔锡伯自治县
1003328,阿勒泰地区,霍城县
1003329,阿勒泰地区,巩留县
1003330,阿勒泰地区,新源县
1003331,阿勒泰地区,昭苏县
1003332,阿勒泰地区,特克斯县
1003333,阿勒泰地区,尼勒克县
1003334,阿勒泰地区,塔城市
1003335,阿勒泰地区,乌苏市
1003336,阿勒泰地区,额敏县
1003337,阿勒泰地区,沙湾县
1003338,阿勒泰地区,托里县
1003339,阿勒泰地区,裕民县
1003340,阿勒泰地区,和布克赛尔蒙古自治县
1003341,阿勒泰地区,阿勒泰市
1003342,阿勒泰地区,布尔津县
1003343,阿勒泰地区,富蕴县
1003344,阿勒泰地区,福海县
1003345,阿勒泰地区,哈巴河县
1003346,阿勒泰地区,青河县
1003347,阿勒泰地区,吉木乃县
1003348,阿勒泰地区,石河子市
1003349,阿勒泰地区,阿拉尔市
1003350,阿勒泰地区,图木舒克市
1003351,阿勒泰地区,五家渠市
1003352,阿勒泰地区,铁门关市
